10,10,0,0,0,0,0,0,0,0.088005
10,10,-3.3518e-08,0.00070906,0.00014224,0.0085087,0,0,0,0.086426
10,10,-2.6334e-07,0.0014054,0.00056555,0.016865,0,0,0,0.084877
10,10,-8.729e-07,0.0020892,0.0012649,0.025071,0,0,0,0.083358
10,10,-2.0322e-06,0.0027608,0.0022353,0.03313,0,0,0,0.081856
10,10,-3.8983e-06,0.0034203,0.0034719,0.041043,0,0,0,0.080377
10,10,-6.6162e-06,0.0040678,0.0049699,0.048814,0,0,0,0.078926
10,10.001,-1.0319e-05,0.0047037,0.0067246,0.056445,0,0,0,0.077506
10,10.001,-1.513e-05,0.0053281,0.0087314,0.063937,0,0,0,0.076106
10,10.001,-2.1159e-05,0.0059411,0.010986,0.071294,0,0,0,0.074725
10,10.001,-2.8509e-05,0.006543,0.013483,0.078518,0,0,0,0.073365
10,10.001,-3.7272e-05,0.007134,0.016219,0.08561,0,0,0,0.072029
10,10.002,-4.753e-05,0.0077142,0.019189,0.092573,0,0,0,0.070717
10,10.002,-5.9359e-05,0.0082838,0.022389,0.09941,0,0,0,0.069431
10,10.002,-7.2825e-05,0.0088429,0.025815,0.10612,0,0,0,0.068168
10,10.002,-8.7986e-05,0.0093918,0.029462,0.11271,0,0,0,0.066922
10,10.003,-0.00010489,0.0099306,0.033327,0.11918,0,0,0,0.065696
10,10.003,-0.00012359,0.010459,0.037406,0.12553,0,0,0,0.064489
10,10.003,-0.00014412,0.010978,0.041695,0.13176,0,0,0,0.063304
10,10.004,-0.00016651,0.011488,0.046189,0.13788,0,0,0,0.062139
10,10.004,-0.00019078,0.011988,0.050886,0.14389,0,0,0,0.060998
10,10.005,-0.00021696,0.012479,0.05578,0.14979,0,0,0,0.059879
10,10.005,-0.00024507,0.01296,0.06087,0.15557,0,0,0,0.058778
9.9999,10.006,-0.0002751,0.013433,0.066151,0.16125,0,0,0,0.057696
9.9999,10.006,-0.00030708,0.013896,0.071619,0.16683,0,0,0,0.056632
9.9999,10.006,-0.00034099,0.014351,0.077272,0.1723,0,0,0,0.055586
9.9999,10.007,-0.00037685,0.014797,0.083105,0.17768,0,0,0,0.05456
9.9999,10.007,-0.00041463,0.015235,0.089116,0.18295,0,0,0,0.053554
9.9999,10.008,-0.00045434,0.015665,0.095301,0.18813,0,0,0,0.052567
9.9999,10.008,-0.00049596,0.016086,0.10166,0.19321,0,0,0,0.0516
9.9998,10.009,-0.00053948,0.016499,0.10818,0.1982,0,0,0,0.050652
9.9998,10.01,-0.00058488,0.016905,0.11487,0.20309,0,0,0,0.049721
9.9998,10.01,-0.00063213,0.017303,0.12172,0.2079,0,0,0,0.048808
9.9998,10.011,-0.00068122,0.017693,0.12873,0.21262,0,0,0,0.047913
9.9998,10.011,-0.00073213,0.018075,0.13589,0.21725,0,0,0,0.047036
9.9997,10.012,-0.00078482,0.01845,0.14321,0.22179,0,0,0,0.046176
9.9997,10.013,-0.00083928,0.018818,0.15068,0.22626,0,0,0,0.045333
9.9997,10.013,-0.00089546,0.019179,0.15829,0.23064,0,0,0,0.04451
9.9997,10.014,-0.00095335,0.019533,0.16605,0.23494,0,0,0,0.043706
9.9996,10.014,-0.0010129,0.01988,0.17395,0.23917,0,0,0,0.042918
9.9996,10.015,-0.0010741,0.02022,0.182,0.24332,0,0,0,0.042146
9.9995,10.016,-0.0011369,0.020554,0.19017,0.24739,0,0,0,0.041389
9.9995,10.017,-0.0012013,0.020881,0.19849,0.25139,0,0,0,0.040651
9.9995,10.017,-0.0012673,0.021202,0.20693,0.25532,0,0,0,0.039932
9.9994,10.018,-0.0013347,0.021517,0.21551,0.25918,0,0,0,0.039228
9.9994,10.019,-0.0014036,0.021825,0.22421,0.26298,0,0,0,0.038539
9.9993,10.019,-0.001474,0.022128,0.23304,0.26671,0,0,0,0.037866
9.9993,10.02,-0.0015458,0.022424,0.24199,0.27037,0,0,0,0.037213
9.9992,10.021,-0.001619,0.022715,0.25106,0.27397,0,0,0,0.036578
9.9992,10.022,-0.0016936,0.023,0.26026,0.2775,0,0,0,0.035953
9.9991,10.022,-0.0017694,0.02328,0.26956,0.28098,0,0,0,0.035343
9.9991,10.023,-0.0018466,0.023554,0.27899,0.2844,0,0,0,0.034752
9.999,10.024,-0.0019251,0.023823,0.28852,0.28776,0,0,0,0.034182
9.9989,10.025,-0.0020047,0.024087,0.29817,0.29107,0,0,0,0.033624
9.9989,10.026,-0.0020856,0.024346,0.30793,0.29432,0,0,0,0.033078
9.9988,10.026,-0.0021677,0.0246,0.31779,0.29753,0,0,0,0.032546
9.9987,10.027,-0.002251,0.024849,0.32776,0.30068,0,0,0,0.032029
9.9986,10.028,-0.0023354,0.025093,0.33784,0.30378,0,0,0,0.03153
9.9986,10.029,-0.0024209,0.025333,0.34801,0.30683,0,0,0,0.031051
9.9985,10.03,-0.0025076,0.025568,0.35829,0.30984,0,0,0,0.030586
9.9984,10.031,-0.0025953,0.025798,0.36867,0.3128,0,0,0,0.030132
9.9983,10.031,-0.0026841,0.026025,0.37914,0.31571,0,0,0,0.029689
9.9982,10.032,-0.002774,0.026247,0.38972,0.31859,0,0,0,0.02926
9.9981,10.033,-0.0028649,0.026465,0.40038,0.32142,0,0,0,0.028846
9.998,10.034,-0.0029568,0.026679,0.41114,0.32422,0,0,0,0.028447
9.9979,10.035,-0.0030498,0.026889,0.422,0.32698,0,0,0,0.028066
9.9978,10.036,-0.0031437,0.027095,0.43294,0.3297,0,0,0,0.027702
9.9977,10.037,-0.0032387,0.027298,0.44398,0.33238,0,0,0,0.027348
9.9976,10.038,-0.0033347,0.027497,0.4551,0.33503,0,0,0,0.027005
9.9975,10.039,-0.0034317,0.027692,0.46631,0.33765,0,0,0,0.026673
9.9974,10.04,-0.0035297,0.027884,0.47761,0.34024,0,0,0,0.026355
9.9973,10.041,-0.0036287,0.028073,0.48899,0.34279,0,0,0,0.026049
9.9971,10.041,-0.0037287,0.028258,0.50046,0.34532,0,0,0,0.025759
9.997,10.042,-0.0038297,0.02844,0.51201,0.34782,0,0,0,0.025484
9.9969,10.043,-0.0039317,0.028619,0.52365,0.35029,0,0,0,0.025224
9.9967,10.044,-0.0040347,0.028796,0.53537,0.35274,0,0,0,0.024974
9.9966,10.045,-0.0041388,0.028969,0.54717,0.35517,0,0,0,0.024733
9.9965,10.046,-0.0042439,0.029139,0.55904,0.35757,0,0,0,0.024504
9.9963,10.047,-0.0043501,0.029306,0.571,0.35995,0,0,0,0.024287
9.9962,10.048,-0.0044574,0.029471,0.58304,0.36231,0,0,0,0.024082
9.996,10.049,-0.0045657,0.029633,0.59516,0.36465,0,0,0,0.023892
9.9959,10.05,-0.0046752,0.029793,0.60735,0.36697,0,0,0,0.023714
9.9957,10.051,-0.0047858,0.02995,0.61962,0.36927,0,0,0,0.023547
9.9956,10.052,-0.0048975,0.030105,0.63197,0.37156,0,0,0,0.02339
9.9954,10.053,-0.0050105,0.030257,0.64439,0.37384,0,0,0,0.023243
9.9952,10.054,-0.0051246,0.030407,0.65689,0.3761,0,0,0,0.023107
9.995,10.055,-0.0052399,0.030554,0.66946,0.37835,0,0,0,0.022983
9.9949,10.056,-0.0053565,0.0307,0.68211,0.38058,0,0,0,0.022871
9.9947,10.057,-0.0054743,0.030843,0.69484,0.38281,0,0,0,0.022769
9.9945,10.058,-0.0055935,0.030984,0.70763,0.38503,0,0,0,0.022676
9.9943,10.059,-0.005714,0.031123,0.72051,0.38723,0,0,0,0.022593
9.9942,10.06,-0.0057824,0.031201,0.72778,0.38847,0,0,0,0.022551
9.9941,10.06,-0.0058512,0.031277,0.73507,0.38971,0,0,0,0.022511
9.994,10.061,-0.0059205,0.031353,0.74239,0.39094,0,0,0,0.022476
9.9939,10.062,-0.0059902,0.031429,0.74973,0.39218,0,0,0,0.022445
9.9938,10.062,-0.0060604,0.031504,0.7571,0.39341,0,0,0,0.022419
9.9937,10.063,-0.0061311,0.031578,0.76449,0.39464,0,0,0,0.022394
9.9935,10.063,-0.0062022,0.031651,0.7719,0.39587,0,0,0,0.022369
9.9934,10.064,-0.0062738,0.031724,0.77933,0.39709,0,0,0,0.022346
9.9933,10.065,-0.0063458,0.031797,0.78679,0.39832,0,0,0,0.022326
9.9932,10.065,-0.0064184,0.031869,0.79427,0.39954,0,0,0,0.022311
9.9931,10.066,-0.0064914,0.03194,0.80177,0.40077,0,0,0,0.022302
9.9929,10.066,-0.006565,0.032011,0.8093,0.40199,0,0,0,0.022299
9.9928,10.067,-0.0066391,0.032081,0.81685,0.40322,0,0,0,0.0223
9.9927,10.068,-0.0067136,0.03215,0.82442,0.40444,0,0,0,0.022301
9.9926,10.068,-0.0067887,0.032219,0.83201,0.40566,0,0,0,0.022302
9.9924,10.069,-0.0068644,0.032287,0.83963,0.40689,0,0,0,0.022304
9.9923,10.069,-0.0069405,0.032355,0.84727,0.40811,0,0,0,0.022306
9.9922,10.07,-0.0070172,0.032422,0.85493,0.40933,0,0,0,0.022309
9.992,10.071,-0.0070945,0.032489,0.86262,0.41056,0,0,0,0.022317
9.9919,10.071,-0.0071723,0.032555,0.87033,0.41178,0,0,0,0.022333
9.9918,10.072,-0.0072506,0.032621,0.87806,0.41301,0,0,0,0.02235
9.9916,10.072,-0.0073296,0.032686,0.88582,0.41424,0,0,0,0.022369
9.9915,10.073,-0.0074091,0.03275,0.8936,0.41546,0,0,0,0.022391
9.9914,10.074,-0.0074892,0.032814,0.9014,0.41669,0,0,0,0.022414
9.9912,10.074,-0.0075699,0.032877,0.90922,0.41792,0,0,0,0.022441
9.9911,10.075,-0.0076511,0.03294,0.91707,0.41916,0,0,0,0.02247
9.9909,10.076,-0.007733,0.033002,0.92494,0.42039,0,0,0,0.022502
9.9908,10.076,-0.0078155,0.033064,0.93283,0.42163,0,0,0,0.022537
9.9906,10.077,-0.0078986,0.033125,0.94075,0.42286,0,0,0,0.022574
9.9905,10.077,-0.0079823,0.033186,0.94869,0.4241,0,0,0,0.022613
9.9903,10.078,-0.0080666,0.033246,0.95666,0.42535,0,0,0,0.022653
9.9902,10.079,-0.0081516,0.033305,0.96464,0.42659,0,0,0,0.022694
9.99,10.079,-0.0082372,0.033364,0.97265,0.42784,0,0,0,0.022739
9.9899,10.08,-0.0083235,0.033422,0.98069,0.42909,0,0,0,0.022787
9.9897,10.081,-0.0084104,0.03348,0.98874,0.43034,0,0,0,0.022838
9.9896,10.081,-0.008498,0.033537,0.99682,0.43159,0,0,0,0.02289
9.9894,10.082,-0.0085862,0.033594,1.0049,0.43285,0,0,0,0.022945
9.9892,10.082,-0.0086751,0.03365,1.0131,0.43411,0,0,0,0.023
9.9891,10.083,-0.0087647,0.033705,1.0212,0.43537,0,0,3.0286e-08,0.023058
9.9889,10.084,-0.008855,0.03376,1.0294,0.43664,0,0,1.1067e-07,0.023118
9.9888,10.084,-0.0089068,0.033791,1.0341,0.43737,0,0,5.6009e-08,0.023153
9.9887,10.084,-0.0089589,0.033822,1.0388,0.43809,0,0,1.5225e-08,0.023189
9.9886,10.085,-0.0090112,0.033852,1.0435,0.43882,0,0,7.7935e-09,0.023226
9.9885,10.085,-0.0090638,0.033883,1.0482,0.43955,0,0,8.1143e-09,0.023263
9.9884,10.085,-0.0091167,0.033913,1.0529,0.44028,0,0,8.7604e-09,0.023301
9.9883,10.086,-0.0091697,0.033943,1.0576,0.44101,0,0,9.7162e-09,0.023339
9.9882,10.086,-0.009223,0.033973,1.0623,0.44174,0,0,1.0966e-08,0.023378
9.9881,10.087,-0.0092765,0.034002,1.0671,0.44248,0,0,1.2493e-08,0.023418
9.988,10.087,-0.0093302,0.034032,1.0718,0.44321,0,0,2.4633e-05,0.023458
9.9879,10.087,-0.0093842,0.034061,1.0766,0.44395,0,0,0.00010229,0.023499
9.9878,10.088,-0.0094386,0.03409,1.0813,0.44468,0,0,0.00022576,0.02354
9.9877,10.088,-0.0094934,0.034119,1.0861,0.44542,0,0,0.00038763,0.023582
9.9876,10.088,-0.0095488,0.034148,1.0909,0.44614,0,0,0.00058049,0.023624
9.9875,10.089,-0.0096049,0.034177,1.0956,0.44687,0,0,0.00079695,0.023667
9.9874,10.089,-0.0096619,0.034207,1.1004,0.44759,0,0,0.0010296,0.02371
9.9873,10.09,-0.00972,0.034236,1.1052,0.44829,0,0,0.0012954,0.023754
9.9872,10.09,-0.0097793,0.034266,1.11,0.44899,0,0,0.0016956,0.023799
9.9871,10.09,-0.0098399,0.034295,1.1149,0.44967,0,0,0.0022139,0.023844
9.987,10.091,-0.009902,0.034326,1.1197,0.45034,0,0,0.0028177,0.023889
9.9869,10.091,-0.0099657,0.034356,1.1245,0.45099,0,0,0.0034739,0.023935
9.9868,10.091,-0.010031,0.034387,1.1293,0.45163,0,0,0.0041497,0.023982
9.9867,10.092,-0.010098,0.034419,1.1342,0.45224,0,0,0.0048124,0.024029
9.9866,10.092,-0.010168,0.034451,1.139,0.45283,0,0,0.0054289,0.024076
9.9865,10.092,-0.010238,0.034484,1.1439,0.45341,0,0,0.0059962,0.024124
9.9864,10.093,-0.010311,0.034516,1.1487,0.45397,0,0,0.0065609,0.024173
9.9862,10.093,-0.010386,0.03455,1.1536,0.45451,0,0,0.0071249,0.024222
9.9861,10.094,-0.010462,0.034583,1.1585,0.45503,0,0,0.0076881,0.024271
9.986,10.094,-0.010539,0.034617,1.1634,0.45554,0,0,0.0082505,0.024321
9.9859,10.094,-0.010619,0.034651,1.1683,0.45603,0,0,0.0088119,0.024371
9.9858,10.095,-0.010699,0.034685,1.1731,0.45651,0,0,0.0093724,0.024422
9.9857,10.095,-0.010781,0.034719,1.178,0.45697,0,0,0.0099316,0.024473
9.9856,10.095,-0.010865,0.034754,1.1829,0.45743,0,0,0.01049,0.024524
9.9854,10.096,-0.01095,0.034788,1.1878,0.45786,0,0,0.011046,0.024576
9.9853,10.096,-0.011037,0.034823,1.1927,0.45828,0,0,0.011603,0.024628
9.9852,10.097,-0.011126,0.034858,1.1977,0.45868,0,0,0.012157,0.024681
9.985,10.097,-0.011286,0.03492,1.2063,0.45934,0,0,0.013126,0.024774
9.9848,10.098,-0.01145,0.034982,1.2149,0.45996,0,0,0.014092,0.024869
9.9846,10.099,-0.01162,0.035044,1.2235,0.46052,0,0,0.015052,0.024964
9.9843,10.099,-0.011794,0.035106,1.2321,0.46104,0,0,0.016006,0.02506
9.9841,10.1,-0.011974,0.035169,1.2408,0.46152,0,0,0.016955,0.025158
9.9839,10.1,-0.012159,0.035231,1.2495,0.46194,0,0,0.017901,0.025256
9.9837,10.101,-0.012348,0.035293,1.2581,0.46232,0,0,0.018843,0.025356
9.9834,10.102,-0.012543,0.035355,1.2668,0.46266,0,0,0.019782,0.025456
9.9832,10.102,-0.012743,0.035417,1.2755,0.46295,0,0,0.020716,0.025557
9.983,10.103,-0.012948,0.035478,1.2842,0.46319,0,0,0.021645,0.025659
9.9827,10.104,-0.013158,0.035539,1.2928,0.46339,0,0,0.022568,0.025761
9.9825,10.104,-0.013373,0.0356,1.3015,0.46354,0,0,0.023485,0.025864
9.9822,10.105,-0.013593,0.035659,1.3102,0.46365,0,0,0.024396,0.025968
9.982,10.106,-0.013818,0.035718,1.3189,0.46371,0,0,0.025301,0.026073
9.9817,10.106,-0.014048,0.035777,1.3276,0.46373,0,0,0.0262,0.026178
9.9814,10.107,-0.014283,0.035834,1.3363,0.46371,0,0,0.027094,0.026284
9.9812,10.108,-0.014523,0.03589,1.345,0.46364,0,0,0.027984,0.026391
9.9809,10.108,-0.014768,0.035945,1.3537,0.46354,0,0,0.028869,0.026498
9.9806,10.109,-0.015018,0.035999,1.3624,0.46338,0,0,0.029747,0.026605
9.9803,10.11,-0.015272,0.036052,1.3711,0.46319,0,0,0.030616,0.026713
9.9799,10.111,-0.01569,0.036133,1.385,0.46279,0,0,0.031996,0.026887
9.9794,10.112,-0.016119,0.036211,1.3988,0.46229,0,0,0.033354,0.027061
9.9789,10.113,-0.016561,0.036284,1.4127,0.46169,0,0,0.034696,0.027237
9.9784,10.114,-0.017014,0.036353,1.4265,0.46098,0,0,0.036025,0.027413
9.9779,10.115,-0.017479,0.036418,1.4404,0.46018,0,0,0.037334,0.027589
9.9773,10.116,-0.017956,0.036477,1.4541,0.45927,0,0,0.038618,0.027766
9.9768,10.117,-0.018444,0.036531,1.4679,0.45827,0,0,0.039882,0.027943
9.9762,10.119,-0.018943,0.036579,1.4816,0.45718,0,0,0.041133,0.028121
9.9757,10.12,-0.019454,0.036621,1.4953,0.45599,0,0,0.042367,0.028299
9.9751,10.121,-0.019975,0.036657,1.509,0.45471,0,0,0.04358,0.028476
9.9745,10.122,-0.020506,0.036686,1.5226,0.45334,0,0,0.044769,0.028654
9.9738,10.123,-0.021048,0.036708,1.5362,0.45188,0,0,0.04593,0.02883
9.9732,10.124,-0.021599,0.036724,1.5497,0.45033,0,0,0.047072,0.029007
9.9725,10.125,-0.022161,0.036732,1.5632,0.44871,0,0,0.048197,0.029183
9.9719,10.126,-0.022732,0.036732,1.5767,0.447,0,0,0.049305,0.02936
9.9712,10.127,-0.023312,0.036725,1.59,0.4452,0,0,0.050393,0.029535
9.9705,10.128,-0.023901,0.036709,1.6034,0.44333,0,0,0.051457,0.02971
9.9697,10.13,-0.024499,0.036686,1.6166,0.44139,0,0,0.052496,0.029884
9.969,10.131,-0.025105,0.036654,1.6298,0.43936,0,0,0.053508,0.030057
9.9682,10.132,-0.025719,0.036614,1.643,0.43727,0,0,0.054495,0.030229
9.9675,10.133,-0.026342,0.036565,1.6561,0.4351,0,0,0.055465,0.0304
9.9667,10.134,-0.026972,0.036507,1.6691,0.43287,0,0,0.056417,0.030571
9.9658,10.135,-0.027609,0.03644,1.6821,0.43056,0,0,0.057348,0.030741
9.965,10.136,-0.028253,0.036364,1.6949,0.42819,0,0,0.058257,0.030909
9.9641,10.137,-0.028903,0.036278,1.7077,0.42576,0,0,0.059142,0.031077
9.9633,10.138,-0.02956,0.036183,1.7205,0.42327,0,0,0.060002,0.031243
9.9624,10.139,-0.030223,0.036079,1.7331,0.42071,0,0,0.060834,0.031408
9.9614,10.14,-0.030892,0.035965,1.7457,0.4181,0,0,0.061644,0.031571
9.9605,10.142,-0.031567,0.035841,1.7582,0.41543,0,0,0.062435,0.031734
9.9596,10.143,-0.032246,0.035708,1.7706,0.41271,0,0,0.063207,0.031895
9.9586,10.144,-0.032931,0.035565,1.783,0.40993,0,0,0.063958,0.032055
9.9576,10.145,-0.03362,0.035412,1.7952,0.40711,0,0,0.064687,0.032214
9.9566,10.146,-0.034313,0.03525,1.8074,0.40423,0,0,0.065393,0.032371
9.9555,10.147,-0.035011,0.035077,1.8195,0.40131,0,0,0.066075,0.032527
9.9545,10.148,-0.035712,0.034894,1.8315,0.39834,0,0,0.066732,0.032682
9.9534,10.149,-0.036416,0.034702,1.8434,0.39533,0,0,0.067369,0.032835
9.9523,10.15,-0.037124,0.0345,1.8552,0.39228,0,0,0.067986,0.032987
9.9511,10.151,-0.037834,0.034287,1.8669,0.38918,0,0,0.068584,0.033138
9.95,10.152,-0.038548,0.034065,1.8786,0.38605,0,0,0.06916,0.033287
9.9488,10.153,-0.039263,0.033833,1.8901,0.38288,0,0,0.069716,0.033435
9.9476,10.154,-0.039981,0.033591,1.9015,0.37968,0,0,0.070251,0.033582
9.9464,10.155,-0.0407,0.03334,1.9129,0.37644,0,0,0.070764,0.033727
9.9452,10.156,-0.041421,0.033078,1.9241,0.37318,0,0,0.071257,0.033871
9.944,10.157,-0.042144,0.032807,1.9353,0.36988,0,0,0.071729,0.034013
9.9427,10.158,-0.042867,0.032527,1.9463,0.36655,0,0,0.072183,0.034154
9.9414,10.159,-0.043591,0.032237,1.9573,0.3632,0,0,0.07262,0.034294
9.9401,10.16,-0.044316,0.031937,1.9681,0.35982,0,0,0.073037,0.034433
9.9387,10.161,-0.045041,0.031628,1.9788,0.35642,0,0,0.073431,0.034571
9.9374,10.162,-0.045767,0.03131,1.9895,0.353,0,0,0.073809,0.034707
9.936,10.163,-0.046492,0.030982,2,0.34956,0,0,0.07417,0.034842
9.9302,10.166,-0.049389,0.029583,2.0411,0.33561,0,0,0.075481,0.035371
9.9241,10.17,-0.05227,0.028046,2.0806,0.32144,0,0,0.076388,0.035881
9.9177,10.173,-0.055124,0.026378,2.1183,0.30715,0,0,0.077048,0.036375
9.9109,10.176,-0.057943,0.024589,2.1543,0.29282,0,0,0.077606,0.036857
9.9038,10.179,-0.060718,0.022687,2.1886,0.2785,0,0,0.077985,0.037327
9.8963,10.182,-0.063444,0.020682,2.2211,0.26427,0,0,0.078108,0.037787
9.8885,10.184,-0.066116,0.018582,2.252,0.25019,0,0,0.078001,0.038237
9.8805,10.186,-0.068731,0.016398,2.2812,0.23631,0,0,0.077742,0.038679
9.8721,10.188,-0.071287,0.014137,2.3087,0.22268,0,0,0.077368,0.039113
9.8633,10.19,-0.073783,0.011807,2.3346,0.20934,0,0,0.076916,0.039541
9.8543,10.191,-0.076217,0.0094172,2.359,0.19632,0,0,0.076423,0.039961
9.8451,10.192,-0.078591,0.0069743,2.3818,0.18366,0,0,0.075923,0.040376
9.8355,10.193,-0.080906,0.0044851,2.4031,0.17137,0,0,0.075325,0.040788
9.8256,10.193,-0.083162,0.001956,2.4229,0.15949,0,0,0.074589,0.041197
9.8155,10.193,-0.085363,-0.0006073,2.4414,0.14803,0,0,0.073749,0.041602
9.8052,10.193,-0.087509,-0.0031994,2.4585,0.13701,0,0,0.072839,0.042
9.7945,10.192,-0.089603,-0.0058155,2.4743,0.12642,0,0,0.071896,0.042389
9.7837,10.191,-0.091649,-0.0084513,2.4888,0.11629,0,0,0.070953,0.042767
9.7725,10.19,-0.093648,-0.011103,2.5022,0.1066,0,0,0.070046,0.043133
9.7612,10.189,-0.095603,-0.013767,2.5144,0.097377,0,0,0.069161,0.043491
9.7496,10.187,-0.097518,-0.01644,2.5256,0.088603,0,0,0.068247,0.043847
9.7378,10.185,-0.099394,-0.019119,2.5357,0.080279,0,0,0.067316,0.044197
9.7257,10.182,-0.10123,-0.021802,2.5449,0.072401,0,0,0.066376,0.044539
9.7135,10.18,-0.10304,-0.024486,2.5531,0.064962,0,0,0.06544,0.044868
9.701,10.176,-0.10482,-0.02717,2.5605,0.057953,0,0,0.064518,0.04518
9.6883,10.173,-0.10657,-0.029852,2.567,0.051365,0,0,0.06362,0.045473
9.6754,10.169,-0.10829,-0.03253,2.5728,0.045188,0,0,0.062757,0.045742
9.6623,10.165,-0.10999,-0.035203,2.5779,0.039412,0,0,0.061916,0.046
9.649,10.161,-0.11167,-0.037869,2.5823,0.034023,0,0,0.061086,0.046253
9.6355,10.156,-0.11332,-0.040528,2.5861,0.02901,0,0,0.06027,0.046496
9.6218,10.151,-0.11496,-0.043178,2.5893,0.024359,0,0,0.05947,0.046725
9.608,10.146,-0.11658,-0.045819,2.5919,0.020058,0,0,0.05869,0.046936
9.5939,10.14,-0.11819,-0.048449,2.5941,0.016093,0,0,0.057932,0.047122
9.5796,10.134,-0.11978,-0.051068,2.5958,0.012449,0,0,0.057199,0.047281
9.5651,10.128,-0.12137,-0.053676,2.5971,0.0091143,0,0,0.056492,0.047412
9.5505,10.121,-0.12294,-0.056271,2.598,0.0060738,0,0,0.055807,0.04754
9.5356,10.114,-0.1245,-0.058853,2.5986,0.0033141,0,0,0.055143,0.047662
9.5206,10.107,-0.12605,-0.061423,2.5988,0.00082177,0,0,0.054497,0.047771
9.5054,10.1,-0.12759,-0.063978,2.5988,-0.0014167,0,0,0.053871,0.047861
9.49,10.092,-0.12912,-0.06652,2.5985,-0.0034144,0,0,0.053263,0.047924
9.4744,10.084,-0.13065,-0.069048,2.598,-0.0051843,0,0,0.052673,0.047952
9.4586,10.075,-0.13217,-0.071561,2.5972,-0.0067388,0,0,0.052103,0.047951
9.4427,10.066,-0.13368,-0.074059,2.5963,-0.0080904,0,0,0.051553,0.047946
9.4265,10.057,-0.13519,-0.076542,2.5953,-0.0092509,0,0,0.051022,0.047937
9.4102,10.048,-0.13669,-0.079011,2.5941,-0.010232,0,0,0.050506,0.047925
9.3937,10.038,-0.13819,-0.081464,2.5929,-0.011044,0,0,0.050003,0.047909
9.377,10.029,-0.13968,-0.083901,2.5915,-0.011699,0,0,0.049514,0.047877
9.3602,10.018,-0.14117,-0.086323,2.59,-0.012207,0,0,0.049044,0.047805
9.3432,10.008,-0.14265,-0.088729,2.5886,-0.012578,0,0,0.048587,0.047717
9.326,9.997,-0.14413,-0.09112,2.587,-0.01282,0,0,0.048141,0.047624
9.3198,9.9931,-0.14466,-0.09197,2.5865,-0.012878,0,0,0.047985,0.047587
9.3136,9.9891,-0.14518,-0.092818,2.5859,-0.01292,0,0,0.047831,0.047549
9.3073,9.9851,-0.14571,-0.093664,2.5854,-0.012949,0,0,0.047679,0.047508
9.3011,9.9811,-0.14624,-0.094508,2.5848,-0.012963,0,0,0.047528,0.047466
9.2948,9.977,-0.14676,-0.09535,2.5843,-0.012964,0,0,0.047378,0.047423
9.2885,9.9729,-0.14728,-0.09619,2.5837,-0.012952,0,0,0.04723,0.047379
9.2822,9.9688,-0.14781,-0.097028,2.5832,-0.012927,0,0,0.047083,0.047333
9.2758,9.9646,-0.14833,-0.097864,2.5826,-0.012889,0,0,0.046937,0.047285
9.2694,9.9604,-0.14885,-0.098698,2.5821,-0.01284,0,0,0.046794,0.047236
9.2631,9.9561,-0.14937,-0.09953,2.5815,-0.012778,0,0,0.046651,0.047186
9.2566,9.9519,-0.14989,-0.10036,2.581,-0.012705,0,0,0.04651,0.047134
9.2502,9.9475,-0.15041,-0.10119,2.5804,-0.012622,0,0,0.04637,0.04708
9.2438,9.9432,-0.15093,-0.10201,2.5799,-0.012527,0,0,0.046231,0.047025
9.2373,9.9388,-0.15145,-0.10284,2.5793,-0.012422,0,0,0.046093,0.04697
9.2308,9.9344,-0.15197,-0.10366,2.5788,-0.012307,0,0,0.045956,0.046913
9.2242,9.9299,-0.15249,-0.10448,2.5783,-0.012182,0,0,0.045821,0.046854
9.2177,9.9254,-0.15301,-0.1053,2.5778,-0.012048,0,0,0.045687,0.046795
9.2111,9.9209,-0.15352,-0.10611,2.5773,-0.011905,0,0,0.045555,0.046734
9.2045,9.9163,-0.15404,-0.10693,2.5767,-0.011752,0,0,0.045423,0.046671
9.1979,9.9117,-0.15455,-0.10774,2.5762,-0.011591,0,0,0.045292,0.046607
9.1913,9.9071,-0.15507,-0.10855,2.5758,-0.011422,0,0,0.045163,0.046543
9.1846,9.9024,-0.15558,-0.10936,2.5753,-0.011245,0,0,0.045034,0.046477
9.178,9.8977,-0.15609,-0.11016,2.5748,-0.01106,0,0,0.044907,0.04641
9.1713,9.893,-0.1566,-0.11097,2.5743,-0.010868,0,0,0.04478,0.046343
9.1645,9.8882,-0.15712,-0.11177,2.5739,-0.010669,0,0,0.044654,0.046274
9.1578,9.8834,-0.15763,-0.11257,2.5734,-0.010462,0,0,0.04453,0.046203
9.151,9.8785,-0.15814,-0.11337,2.573,-0.010249,0,0,0.044407,0.046132
9.1442,9.8737,-0.15865,-0.11417,2.5725,-0.010029,0,0,0.044284,0.04606
9.1374,9.8688,-0.15915,-0.11496,2.5721,-0.0098034,0,0,0.044162,0.045986
9.1306,9.8638,-0.15966,-0.11575,2.5717,-0.0095716,0,0,0.044041,0.045913
9.1237,9.8588,-0.16017,-0.11654,2.5713,-0.009334,0,0,0.043921,0.045838
9.1169,9.8538,-0.16068,-0.11733,2.5709,-0.0090909,0,0,0.043802,0.045762
9.11,9.8488,-0.16118,-0.11812,2.5705,-0.0088426,0,0,0.043684,0.045684
9.1031,9.8437,-0.16169,-0.11891,2.5701,-0.0085891,0,0,0.043567,0.045607
9.0961,9.8386,-0.16219,-0.11969,2.5698,-0.0083308,0,0,0.04345,0.045528
9.088,9.8326,-0.16278,-0.1206,2.5694,-0.0080236,0,0,0.043315,0.045435
9.0798,9.8265,-0.16336,-0.12151,2.569,-0.0077103,0,0,0.043181,0.045341
9.0717,9.8204,-0.16395,-0.12241,2.5686,-0.0073914,0,0,0.043048,0.045246
9.0634,9.8143,-0.16453,-0.12332,2.5682,-0.007067,0,0,0.042916,0.04515
9.0552,9.8081,-0.16511,-0.12422,2.5679,-0.0067376,0,0,0.042785,0.045052
9.0469,9.8019,-0.16569,-0.12512,2.5676,-0.0064033,0,0,0.042655,0.044954
9.0386,9.7956,-0.16627,-0.12601,2.5672,-0.0060645,0,0,0.042525,0.044855
9.0303,9.7893,-0.16685,-0.12691,2.5669,-0.0057215,0,0,0.042397,0.044755
9.0219,9.7829,-0.16743,-0.1278,2.5667,-0.0053745,0,0,0.042269,0.044653
9.0136,9.7765,-0.168,-0.12869,2.5664,-0.0050238,0,0,0.042143,0.044551
9.0051,9.77,-0.16858,-0.12957,2.5662,-0.0046696,0,0,0.042017,0.044448
8.9967,9.7635,-0.16915,-0.13046,2.5659,-0.0043123,0,0,0.041892,0.044344
8.9882,9.757,-0.16972,-0.13134,2.5657,-0.0039519,0,0,0.041768,0.044239
8.9797,9.7504,-0.17029,-0.13221,2.5655,-0.0035889,0,0,0.041645,0.044134
8.9712,9.7438,-0.17086,-0.13309,2.5654,-0.0032233,0,0,0.041522,0.044027
8.9626,9.7371,-0.17143,-0.13396,2.5652,-0.0028555,0,0,0.0414,0.04392
8.9541,9.7304,-0.172,-0.13484,2.5651,-0.0024856,0,0,0.041278,0.043812
8.9454,9.7236,-0.17256,-0.1357,2.565,-0.0021139,0,0,0.041158,0.043704
8.9368,9.7168,-0.17312,-0.13657,2.5649,-0.0017406,0,0,0.041038,0.043594
8.9281,9.7099,-0.17369,-0.13743,2.5648,-0.0013659,0,0,0.040919,0.043484
8.9194,9.7031,-0.17425,-0.1383,2.5647,-0.00098999,0,0,0.0408,0.043373
8.9107,9.6961,-0.17481,-0.13916,2.5647,-0.00061305,0,0,0.040683,0.043261
8.902,9.6891,-0.17536,-0.14001,2.5647,-0.00023529,0,0,0.040565,0.043149
8.8932,9.6821,-0.17592,-0.14087,2.5647,0.00014311,0,0,0.040449,0.043036
8.8844,9.6751,-0.17647,-0.14172,2.5647,0.00052195,0,0,0.040332,0.042923
8.8755,9.6679,-0.17703,-0.14257,2.5647,0.00090107,0,0,0.040217,0.042808
8.8667,9.6608,-0.17758,-0.14342,2.5648,0.0012803,0,0,0.040102,0.042693
8.8578,9.6536,-0.17813,-0.14426,2.5649,0.0016594,0,0,0.039988,0.042578
8.8488,9.6464,-0.17868,-0.1451,2.565,0.0020383,0,0,0.039874,0.042462
8.8399,9.6391,-0.17922,-0.14594,2.5651,0.0024168,0,0,0.039761,0.042345
8.8309,9.6318,-0.17977,-0.14678,2.5652,0.0027947,0,0,0.039648,0.042228
8.8219,9.6244,-0.18031,-0.14762,2.5653,0.0031719,0,0,0.039536,0.042111
8.8129,9.617,-0.18085,-0.14845,2.5655,0.0035482,0,0,0.039425,0.041992
8.8038,9.6096,-0.18139,-0.14928,2.5657,0.0039234,0,0,0.039314,0.041874
8.7948,9.6021,-0.18193,-0.15011,2.5659,0.0042975,0,0,0.039203,0.041754
8.7856,9.5946,-0.18247,-0.15094,2.5661,0.0046702,0,0,0.039093,0.041634
8.7765,9.587,-0.183,-0.15177,2.5664,0.0050414,0,0,0.038983,0.041514
8.7673,9.5794,-0.18354,-0.15259,2.5666,0.005411,0,0,0.038874,0.041394
8.7582,9.5717,-0.18407,-0.15341,2.5669,0.0057788,0,0,0.038765,0.041272
8.7489,9.564,-0.1846,-0.15423,2.5672,0.0061448,0,0,0.038657,0.041151
8.7397,9.5563,-0.18513,-0.15504,2.5675,0.0065086,0,0,0.038549,0.041028
8.7304,9.5485,-0.18565,-0.15586,2.5679,0.0068703,0,0,0.038442,0.040906
8.7211,9.5407,-0.18618,-0.15667,2.5682,0.0072297,0,0,0.038335,0.040782
8.7118,9.5329,-0.1867,-0.15748,2.5686,0.0075866,0,0,0.038229,0.040659
8.7025,9.525,-0.18722,-0.15828,2.569,0.0079409,0,0,0.038123,0.040535
8.6931,9.517,-0.18774,-0.15909,2.5694,0.0082925,0,0,0.038017,0.04041
8.6837,9.5091,-0.18825,-0.15989,2.5698,0.0086412,0,0,0.037912,0.040285
8.6743,9.5011,-0.18877,-0.16069,2.5702,0.008987,0,0,0.037808,0.04016
8.6648,9.493,-0.18928,-0.16149,2.5707,0.0093297,0,0,0.037703,0.040034
8.6553,9.4849,-0.18979,-0.16229,2.5712,0.0096691,0,0,0.0376,0.039908
8.6458,9.4768,-0.1903,-0.16308,2.5717,0.010005,0,0,0.037496,0.039781
8.6363,9.4686,-0.19081,-0.16388,2.5722,0.010338,0,0,0.037393,0.039654
8.6267,9.4604,-0.19132,-0.16467,2.5727,0.010667,0,0,0.037291,0.039526
8.6172,9.4521,-0.19182,-0.16545,2.5732,0.010992,0,0,0.037189,0.039398
8.6076,9.4438,-0.19232,-0.16624,2.5738,0.011314,0,0,0.037087,0.03927
8.5979,9.4355,-0.19282,-0.16702,2.5744,0.011631,0,0,0.036986,0.039141
8.5883,9.4271,-0.19332,-0.16781,2.575,0.011944,0,0,0.036885,0.039012
8.5786,9.4187,-0.19382,-0.16859,2.5756,0.012253,0,0,0.036785,0.038882
8.5689,9.4103,-0.19431,-0.16936,2.5762,0.012558,0,0,0.036685,0.038752
8.5592,9.4018,-0.1948,-0.17014,2.5768,0.012859,0,0,0.036585,0.038622
8.5494,9.3933,-0.19529,-0.17091,2.5775,0.013154,0,0,0.036486,0.038491
8.5396,9.3847,-0.19578,-0.17169,2.5781,0.013445,0,0,0.036387,0.038359
8.5298,9.3761,-0.19627,-0.17246,2.5788,0.013731,0,0,0.036289,0.038228
8.52,9.3674,-0.19675,-0.17322,2.5795,0.014013,0,0,0.036191,0.038095
8.5102,9.3588,-0.19723,-0.17399,2.5802,0.014289,0,0,0.036094,0.037963
8.5003,9.3501,-0.19771,-0.17475,2.5809,0.01456,0,0,0.035997,0.03783
8.4904,9.3413,-0.19819,-0.17551,2.5817,0.014825,0,0,0.0359,0.037696
8.4805,9.3325,-0.19866,-0.17627,2.5824,0.015085,0,0,0.035804,0.037562
8.4705,9.3237,-0.19914,-0.17703,2.5832,0.01534,0,0,0.035708,0.037428
8.4606,9.3148,-0.19961,-0.17779,2.584,0.015589,0,0,0.035613,0.037293
8.4506,9.3059,-0.20008,-0.17854,2.5847,0.015832,0,0,0.035518,0.037158
8.4406,9.2969,-0.20055,-0.17929,2.5855,0.016069,0,0,0.035424,0.037022
8.4305,9.288,-0.20101,-0.18004,2.5863,0.016299,0,0,0.03533,0.036886
8.4205,9.2789,-0.20147,-0.18079,2.5872,0.016524,0,0,0.035236,0.03675
8.4104,9.2699,-0.20194,-0.18153,2.588,0.016742,0,0,0.035143,0.036613
8.4003,9.2608,-0.20239,-0.18228,2.5888,0.016954,0,0,0.03505,0.036475
8.3901,9.2517,-0.20285,-0.18302,2.5897,0.017159,0,0,0.034958,0.036338
8.38,9.2425,-0.20331,-0.18376,2.5906,0.017358,0,0,0.034867,0.036199
8.3698,9.2333,-0.20376,-0.18449,2.5914,0.017549,0,0,0.034775,0.036061
8.3596,9.224,-0.20421,-0.18523,2.5923,0.017734,0,0,0.034685,0.035921
8.3494,9.2148,-0.20466,-0.18596,2.5932,0.017911,0,0,0.034594,0.035782
8.3391,9.2054,-0.2051,-0.18669,2.5941,0.018082,0,0,0.034505,0.035641
8.3289,9.1961,-0.20555,-0.18742,2.595,0.018244,0,0,0.034415,0.035501
8.3186,9.1867,-0.20599,-0.18815,2.5959,0.018399,0,0,0.034326,0.03536
8.3083,9.1773,-0.20643,-0.18888,2.5969,0.018547,0,0,0.034238,0.035219
8.2979,9.1678,-0.20687,-0.1896,2.5978,0.018686,0,0,0.03415,0.035077
8.2876,9.1583,-0.2073,-0.19032,2.5987,0.018818,0,0,0.034062,0.034934
8.2772,9.1488,-0.20774,-0.19104,2.5997,0.018942,0,0,0.033975,0.034791
8.2668,9.1392,-0.20817,-0.19176,2.6006,0.019057,0,0,0.033889,0.034648
8.2564,9.1296,-0.2086,-0.19247,2.6016,0.019164,0,0,0.033803,0.034504
8.2459,9.12,-0.20903,-0.19319,2.6025,0.019262,0,0,0.033717,0.03436
8.2355,9.1103,-0.20945,-0.1939,2.6035,0.019352,0,0,0.033632,0.034215
8.225,9.1006,-0.20987,-0.19461,2.6045,0.019432,0,0,0.033548,0.034069
8.2145,9.0908,-0.2103,-0.19532,2.6054,0.019504,0,0,0.033464,0.033923
8.204,9.081,-0.21071,-0.19602,2.6064,0.019567,0,0,0.033381,0.033777
8.1934,9.0712,-0.21113,-0.19672,2.6074,0.01962,0,0,0.033297,0.03363
8.1829,9.0614,-0.21154,-0.19743,2.6084,0.019664,0,0,0.033215,0.033483
8.1723,9.0515,-0.21196,-0.19813,2.6094,0.019699,0,0,0.033133,0.033336
8.1617,9.0416,-0.21237,-0.19882,2.6103,0.019724,0,0,0.033052,0.033187
8.151,9.0316,-0.21278,-0.19952,2.6113,0.019738,0,0,0.032971,0.033038
8.1404,9.0216,-0.21318,-0.20021,2.6123,0.019743,0,0,0.032891,0.032889
8.1297,9.0116,-0.21359,-0.2009,2.6133,0.019738,0,0,0.032811,0.032739
8.119,9.0015,-0.21399,-0.20159,2.6143,0.019722,0,0,0.032732,0.032589
8.1083,8.9914,-0.21439,-0.20228,2.6153,0.019696,0,0,0.032653,0.032438
8.0976,8.9813,-0.21479,-0.20297,2.6163,0.01966,0,0,0.032575,0.032287
8.0868,8.9711,-0.21518,-0.20365,2.6172,0.019612,0,0,0.032497,0.032135
8.0761,8.9609,-0.21557,-0.20433,2.6182,0.019554,0,0,0.03242,0.031983
8.0653,8.9507,-0.21597,-0.20501,2.6192,0.019484,0,0,0.032343,0.03183
8.0545,8.9404,-0.21636,-0.20569,2.6202,0.019404,0,0,0.032267,0.031677
8.0436,8.9301,-0.21674,-0.20636,2.6211,0.019311,0,0,0.032192,0.031523
8.0328,8.9198,-0.21713,-0.20703,2.6221,0.019208,0,0,0.032117,0.031369
8.0219,8.9094,-0.21751,-0.20771,2.6231,0.019093,0,0,0.032043,0.031214
8.011,8.899,-0.21789,-0.20837,2.624,0.018965,0,0,0.031969,0.031059
8.0001,8.8886,-0.21827,-0.20904,2.625,0.018826,0,0,0.031896,0.030903
7.9892,8.8781,-0.21865,-0.20971,2.6259,0.018675,0,0,0.031823,0.030747
7.9783,8.8676,-0.21902,-0.21037,2.6268,0.018511,0,0,0.031751,0.03059
7.9673,8.8571,-0.2194,-0.21103,2.6277,0.018335,0,0,0.031679,0.030433
7.9563,8.8465,-0.21977,-0.21169,2.6287,0.018146,0,0,0.031608,0.030275
7.9453,8.8359,-0.22014,-0.21235,2.6296,0.017945,0,0,0.031538,0.030117
7.9343,8.8253,-0.22051,-0.213,2.6305,0.017731,0,0,0.031468,0.029959
7.9233,8.8146,-0.22087,-0.21365,2.6313,0.017503,0,0,0.031399,0.029799
7.9122,8.8039,-0.22124,-0.2143,2.6322,0.017262,0,0,0.03133,0.02964
7.9012,8.7932,-0.2216,-0.21495,2.6331,0.017008,0,0,0.031262,0.02948
7.8901,8.7824,-0.22196,-0.2156,2.6339,0.016741,0,0,0.031194,0.029319
7.879,8.7716,-0.22231,-0.21624,2.6347,0.01646,0,0,0.031127,0.029158
7.8678,8.7608,-0.22267,-0.21688,2.6355,0.016164,0,0,0.03106,0.028996
7.8567,8.7499,-0.22302,-0.21752,2.6364,0.015855,0,0,0.030994,0.028834
7.8455,8.739,-0.22338,-0.21816,2.6371,0.015532,0,0,0.030929,0.028672
7.8344,8.7281,-0.22373,-0.21879,2.6379,0.015195,0,0,0.030864,0.028509
7.8232,8.7172,-0.22408,-0.21943,2.6387,0.014843,0,0,0.030799,0.028346
7.812,8.7062,-0.22442,-0.22006,2.6394,0.014477,0,0,0.030736,0.028182
7.8007,8.6951,-0.22477,-0.22069,2.6401,0.014096,0,0,0.030672,0.028018
7.7895,8.6841,-0.22511,-0.22131,2.6408,0.0137,0,0,0.030609,0.027853
7.7782,8.673,-0.22545,-0.22194,2.6415,0.013289,0,0,0.030547,0.027688
7.7669,8.6619,-0.22579,-0.22256,2.6421,0.012863,0,0,0.030485,0.027522
7.7556,8.6508,-0.22613,-0.22318,2.6428,0.012422,0,0,0.030424,0.027357
7.7443,8.6396,-0.22647,-0.2238,2.6434,0.011965,0,0,0.030363,0.02719
7.733,8.6284,-0.2268,-0.22441,2.644,0.011493,0,0,0.030303,0.027024
7.7216,8.6171,-0.22713,-0.22503,2.6445,0.011005,0,0,0.030243,0.026857
7.7103,8.6059,-0.22746,-0.22564,2.6451,0.010502,0,0,0.030184,0.026689
7.6989,8.5946,-0.22779,-0.22624,2.6456,0.0099827,0,0,0.030125,0.026521
7.6875,8.5833,-0.22812,-0.22685,2.6461,0.0094473,0,0,0.030067,0.026353
7.6761,8.5719,-0.22845,-0.22746,2.6465,0.0088958,0,0,0.030009,0.026184
7.6647,8.5605,-0.22877,-0.22806,2.6469,0.008328,0,0,0.029951,0.026015
7.6532,8.5491,-0.2291,-0.22866,2.6473,0.0077439,0,0,0.029894,0.025846
7.6417,8.5376,-0.22942,-0.22925,2.6477,0.0071433,0,0,0.029837,0.025677
7.6303,8.5262,-0.22974,-0.22985,2.6481,0.0065261,0,0,0.029781,0.025507
7.6188,8.5147,-0.23006,-0.23044,2.6484,0.0058922,0,0,0.029725,0.025336
7.6073,8.5031,-0.23037,-0.23103,2.6486,0.0052414,0,0,0.02967,0.025166
7.5957,8.4916,-0.23069,-0.23162,2.6489,0.0045738,0,0,0.029615,0.024994
7.5784,8.4741,-0.23116,-0.2325,2.6492,0.0035403,0,0,0.029534,0.024738
7.5611,8.4567,-0.23163,-0.23337,2.6494,0.0024683,0,0,0.029452,0.02448
7.5437,8.4391,-0.23209,-0.23424,2.6496,0.0013575,0,0,0.029372,0.024222
7.5262,8.4215,-0.23255,-0.2351,2.6496,0.00020739,0,0,0.029292,0.023964
7.5088,8.4039,-0.23301,-0.23595,2.6496,-0.00098215,0,0,0.029214,0.023704
7.4913,8.3862,-0.23347,-0.2368,2.6495,-0.0022114,0,0,0.029136,0.023444
7.4738,8.3684,-0.23392,-0.23765,2.6493,-0.0034807,0,0,0.029058,0.023184
7.4562,8.3505,-0.23437,-0.23849,2.649,-0.0047901,0,0,0.028981,0.022923
7.4386,8.3326,-0.23482,-0.23932,2.6485,-0.00614,0,0,0.028905,0.022662
7.421,8.3146,-0.23527,-0.24015,2.648,-0.0075304,0,0,0.028828,0.022401
7.4033,8.2966,-0.23571,-0.24097,2.6474,-0.0089615,0,0,0.028752,0.022139
7.3856,8.2785,-0.23615,-0.24179,2.6467,-0.010434,0,0,0.028676,0.021877
7.3679,8.2603,-0.23659,-0.2426,2.6458,-0.011946,0,0,0.0286,0.021615
7.3501,8.2421,-0.23702,-0.24341,2.6449,-0.0135,0,0,0.028524,0.021352
7.3323,8.2238,-0.23746,-0.2442,2.6438,-0.015095,0,0,0.028448,0.021089
7.3145,8.2054,-0.23789,-0.245,2.6426,-0.016731,0,0,0.028373,0.020826
7.2967,8.187,-0.23832,-0.24578,2.6413,-0.018409,0,0,0.028297,0.020563
7.2788,8.1686,-0.23875,-0.24657,2.6399,-0.020127,0,0,0.028221,0.0203
7.2609,8.15,-0.23917,-0.24734,2.6383,-0.021886,0,0,0.028145,0.020037
7.2429,8.1315,-0.2396,-0.24811,2.6366,-0.023687,0,0,0.028068,0.019773
7.2309,8.1191,-0.23988,-0.24862,2.6354,-0.02491,0,0,0.028017,0.019598
7.2189,8.1066,-0.24016,-0.24913,2.6341,-0.026151,0,0,0.027965,0.019422
7.2069,8.0941,-0.24044,-0.24963,2.6328,-0.02741,0,0,0.027913,0.019246
7.1949,8.0816,-0.24072,-0.25013,2.6313,-0.028687,0,0,0.02786,0.019071
7.1828,8.0691,-0.241,-0.25063,2.6299,-0.029983,0,0,0.027808,0.018895
7.1708,8.0566,-0.24128,-0.25112,2.6283,-0.031296,0,0,0.027755,0.01872
7.1587,8.044,-0.24156,-0.25162,2.6268,-0.032627,0,0,0.027701,0.018545
7.1466,8.0314,-0.24183,-0.25211,2.6251,-0.033976,0,0,0.027647,0.018369
7.1345,8.0188,-0.24211,-0.25259,2.6234,-0.035342,0,0,0.027593,0.018194
7.1224,8.0062,-0.24239,-0.25308,2.6216,-0.036727,0,0,0.027537,0.018019
7.1103,7.9935,-0.24266,-0.25356,2.6197,-0.038129,0,0,0.027482,0.017844
7.0981,7.9808,-0.24294,-0.25403,2.6177,-0.039548,0,0,0.027426,0.017669
7.086,7.9681,-0.24321,-0.25451,2.6157,-0.040984,0,0,0.027369,0.017494
7.0738,7.9554,-0.24349,-0.25498,2.6136,-0.042438,0,0,0.027312,0.017319
7.0616,7.9426,-0.24376,-0.25545,2.6115,-0.043909,0,0,0.027254,0.017144
7.0494,7.9298,-0.24403,-0.25591,2.6092,-0.045397,0,0,0.027195,0.016969
7.0372,7.917,-0.24431,-0.25638,2.6069,-0.046902,0,0,0.027135,0.016795
7.025,7.9042,-0.24458,-0.25684,2.6046,-0.048424,0,0,0.027075,0.01662
7.0128,7.8913,-0.24485,-0.25729,2.6021,-0.049962,0,0,0.027013,0.016446
7.0005,7.8784,-0.24512,-0.25775,2.5996,-0.051516,0,0,0.026951,0.016272
6.9883,7.8655,-0.2454,-0.2582,2.5969,-0.053087,0,0,0.026888,0.016098
6.976,7.8526,-0.24567,-0.25864,2.5943,-0.054674,0,0,0.026824,0.015924
6.9637,7.8397,-0.24594,-0.25909,2.5915,-0.056278,0,0,0.026759,0.01575
6.9514,7.8267,-0.24621,-0.25953,2.5886,-0.057896,0,0,0.026693,0.015577
6.9391,7.8137,-0.24648,-0.25996,2.5857,-0.059531,0,0,0.026626,0.015403
6.9267,7.8007,-0.24675,-0.2604,2.5827,-0.061181,0,0,0.026557,0.01523
6.9144,7.7877,-0.24702,-0.26083,2.5796,-0.062846,0,0,0.026487,0.015057
6.902,7.7746,-0.24729,-0.26125,2.5764,-0.064527,0,0,0.026416,0.014884
6.8897,7.7616,-0.24756,-0.26168,2.5731,-0.066222,0,0,0.026345,0.014711
6.8773,7.7485,-0.24783,-0.2621,2.5698,-0.067931,0,0,0.026271,0.014538
6.8667,7.7372,-0.24806,-0.26246,2.5668,-0.069408,0,0,0.026208,0.01439
6.856,7.726,-0.24829,-0.26281,2.5638,-0.070896,0,0,0.026143,0.014243
6.8454,7.7147,-0.24852,-0.26316,2.5607,-0.072394,0,0,0.026076,0.014095
6.8347,7.7034,-0.24875,-0.26351,2.5576,-0.073902,0,0,0.026009,0.013948
6.8241,7.6921,-0.24898,-0.26386,2.5544,-0.07542,0,0,0.025941,0.0138
6.8134,7.6808,-0.24921,-0.2642,2.5511,-0.076947,0,0,0.025872,0.013653
6.8027,7.6695,-0.24944,-0.26455,2.5478,-0.078485,0,0,0.025802,0.013506
6.792,7.6581,-0.24967,-0.26489,2.5444,-0.080032,0,0,0.02573,0.013359
6.7813,7.6468,-0.2499,-0.26522,2.541,-0.081588,0,0,0.025657,0.013212
6.7706,7.6354,-0.25013,-0.26556,2.5374,-0.083154,0,0,0.025583,0.013065
6.7598,7.624,-0.25036,-0.26589,2.5338,-0.084729,0,0,0.025507,0.012919
6.7491,7.6126,-0.25059,-0.26622,2.5302,-0.086312,0,0,0.025431,0.012772
6.7384,7.6012,-0.25082,-0.26654,2.5264,-0.087904,0,0,0.025353,0.012626
6.7276,7.5898,-0.25105,-0.26686,2.5226,-0.089505,0,0,0.025274,0.01248
6.7169,7.5783,-0.25128,-0.26718,2.5188,-0.091114,0,0,0.025193,0.012333
6.7061,7.5669,-0.25151,-0.2675,2.5148,-0.092731,0,0,0.025111,0.012187
6.6953,7.5554,-0.25173,-0.26782,2.5108,-0.094356,0,0,0.025027,0.012042
6.6845,7.5439,-0.25196,-0.26813,2.5067,-0.095989,0,0,0.024942,0.011896
6.6737,7.5324,-0.25219,-0.26844,2.5026,-0.097629,0,0,0.024856,0.01175
6.6629,7.5209,-0.25242,-0.26874,2.4984,-0.099277,0,0,0.024768,0.011605
6.6521,7.5094,-0.25265,-0.26904,2.4941,-0.10093,0,0,0.024678,0.011459
6.6412,7.4978,-0.25287,-0.26934,2.4897,-0.10259,0,0,0.024588,0.011314
6.6304,7.4863,-0.2531,-0.26964,2.4853,-0.10426,0,0,0.024495,0.011168
6.6195,7.4747,-0.25333,-0.26993,2.4808,-0.10594,0,0,0.024401,0.011023
6.6087,7.4631,-0.25356,-0.27023,2.4762,-0.10762,0,0,0.024305,0.010878
6.5978,7.4516,-0.25378,-0.27051,2.4715,-0.1093,0,0,0.024208,0.010733
6.5869,7.44,-0.25401,-0.2708,2.4668,-0.111,0,0,0.024108,0.010588
6.576,7.4283,-0.25424,-0.27108,2.462,-0.1127,0,0,0.024007,0.010443
6.5651,7.4167,-0.25446,-0.27136,2.4572,-0.1144,0,0,0.023905,0.010299
6.5542,7.4051,-0.25469,-0.27163,2.4522,-0.11611,0,0,0.023801,0.010154
6.5433,7.3934,-0.25491,-0.27191,2.4472,-0.11782,0,0,0.023695,0.010009
6.5324,7.3818,-0.25514,-0.27217,2.4421,-0.11954,0,0,0.023587,0.009865
6.5214,7.3701,-0.25536,-0.27244,2.437,-0.12127,0,0,0.023477,0.0097206
6.5105,7.3584,-0.25559,-0.2727,2.4317,-0.12299,0,0,0.023365,0.0095763
6.4995,7.3467,-0.25581,-0.27296,2.4264,-0.12473,0,0,0.023252,0.009432
6.4886,7.335,-0.25604,-0.27322,2.421,-0.12646,0,0,0.023137,0.0092877
6.4776,7.3233,-0.25626,-0.27347,2.4156,-0.1282,0,0,0.02302,0.0091436
6.4666,7.3116,-0.25648,-0.27372,2.4101,-0.12994,0,0,0.0229,0.0089995
6.4556,7.2999,-0.25671,-0.27397,2.4044,-0.13169,0,0,0.022779,0.0088554
6.4446,7.2881,-0.25693,-0.27421,2.3988,-0.13344,0,0,0.022656,0.0087114
6.4336,7.2763,-0.25715,-0.27445,2.393,-0.13519,0,0,0.022531,0.0085674
6.4225,7.2646,-0.25737,-0.27469,2.3872,-0.13694,0,0,0.022404,0.0084235
6.4115,7.2528,-0.25759,-0.27492,2.3813,-0.13869,0,0,0.022275,0.0082796
6.4005,7.241,-0.25781,-0.27515,2.3753,-0.14045,0,0,0.022144,0.0081357
6.3894,7.2292,-0.25803,-0.27538,2.3692,-0.14221,0,0,0.02201,0.0079918
6.3783,7.2174,-0.25825,-0.2756,2.3631,-0.14397,0,0,0.021875,0.007848
6.3673,7.2056,-0.25847,-0.27582,2.3569,-0.14573,0,0,0.021738,0.0077043
6.3562,7.1938,-0.25868,-0.27604,2.3506,-0.14749,0,0,0.021599,0.0075605
6.3451,7.1819,-0.2589,-0.27625,2.3443,-0.14925,0,0,0.021458,0.0074168
6.334,7.1701,-0.25912,-0.27646,2.3378,-0.15101,0,0,0.021315,0.007273
6.3229,7.1582,-0.25933,-0.27666,2.3313,-0.15277,0,0,0.021169,0.0071293
6.3118,7.1464,-0.25954,-0.27687,2.3247,-0.15453,0,0,0.021022,0.0069856
6.3006,7.1345,-0.25976,-0.27706,2.3181,-0.15629,0,0,0.020872,0.0068419
6.2895,7.1226,-0.25997,-0.27726,2.3113,-0.15805,0,0,0.02072,0.0066982
6.2784,7.1107,-0.26018,-0.27745,2.3045,-0.15981,0,0,0.020565,0.0065545
6.2672,7.0988,-0.26039,-0.27764,2.2976,-0.16157,0,0,0.020409,0.0064108
6.256,7.0869,-0.2606,-0.27782,2.2907,-0.16332,0,0,0.020251,0.0062671
6.2449,7.075,-0.26081,-0.278,2.2836,-0.16507,0,0,0.020091,0.0061234
6.2337,7.0631,-0.26101,-0.27818,2.2765,-0.16683,0,0,0.019929,0.0059797
6.2225,7.0512,-0.26122,-0.27836,2.2693,-0.16857,0,0,0.019765,0.005836
6.2113,7.0393,-0.26142,-0.27853,2.2621,-0.17032,0,0,0.019597,0.0056923
6.2001,7.0273,-0.26163,-0.27869,2.2547,-0.17206,0,0,0.019428,0.0055486
6.1889,7.0154,-0.26183,-0.27886,2.2473,-0.1738,0,0,0.019257,0.0054049
6.1776,7.0034,-0.26203,-0.27902,2.2398,-0.17554,0,0,0.019084,0.0052612
6.1664,6.9915,-0.26223,-0.27917,2.2323,-0.17727,0,0,0.01891,0.0051175
6.1552,6.9795,-0.26243,-0.27932,2.2246,-0.179,0,0,0.018733,0.0049738
6.1439,6.9675,-0.26262,-0.27947,2.2169,-0.18072,0,0,0.018553,0.0048301
6.1327,6.9555,-0.26282,-0.27962,2.2092,-0.18244,0,0,0.018371,0.0046864
6.1214,6.9435,-0.26301,-0.27976,2.2013,-0.18415,0,0,0.018188,0.0045427
6.1101,6.9316,-0.2632,-0.2799,2.1934,-0.18586,0,0,0.018002,0.004399
6.0988,6.9196,-0.26339,-0.28003,2.1854,-0.18757,0,0,0.017815,0.0042553
6.0875,6.9075,-0.26358,-0.28016,2.1773,-0.18926,0,0,0.017626,0.0041116
6.0762,6.8955,-0.26376,-0.28029,2.1691,-0.19096,0,0,0.017433,0.0039679
6.0649,6.8835,-0.26395,-0.28042,2.1609,-0.19264,0,0,0.01724,0.0038242
6.0536,6.8715,-0.26413,-0.28054,2.1526,-0.19432,0,0,0.017044,0.0036806
6.0423,6.8595,-0.26431,-0.28065,2.1443,-0.19599,0,0,0.016847,0.003537
6.031,6.8474,-0.26449,-0.28077,2.1358,-0.19766,0,0,0.016648,0.0033934
6.0196,6.8354,-0.26466,-0.28088,2.1273,-0.19932,0,0,0.016447,0.0032499
6.0083,6.8234,-0.26484,-0.28099,2.1187,-0.20097,0,0,0.016244,0.0031065
5.9969,6.8113,-0.26501,-0.28109,2.1101,-0.20262,0,0,0.016039,0.002963
5.9856,6.7993,-0.26518,-0.28119,2.1014,-0.20425,0,0,0.015832,0.0028196
5.9742,6.7872,-0.26534,-0.28129,2.0926,-0.20588,0,0,0.015623,0.0026763
5.9628,6.7752,-0.26551,-0.28138,2.0837,-0.2075,0,0,0.015413,0.002533
5.9514,6.7631,-0.26567,-0.28147,2.0748,-0.20911,0,0,0.015202,0.0023899
5.94,6.751,-0.26583,-0.28156,2.0658,-0.21072,0,0,0.014988,0.0022469
5.9286,6.739,-0.26599,-0.28164,2.0567,-0.21231,0,0,0.014774,0.0021039
5.9172,6.7269,-0.26614,-0.28172,2.0476,-0.21389,0,0,0.014557,0.0019602
5.9058,6.7148,-0.26629,-0.2818,2.0384,-0.21547,0,0,0.014338,0.0018161
5.8944,6.7027,-0.26644,-0.28188,2.0291,-0.21703,0,0,0.014118,0.001672
5.883,6.6907,-0.26659,-0.28195,2.0198,-0.21859,0,0,0.013897,0.0015286
5.8716,6.6786,-0.26673,-0.28202,2.0104,-0.22013,0,0,0.013674,0.0013862
5.8601,6.6665,-0.26688,-0.28208,2.0009,-0.22167,0,0,0.01345,0.0012454
5.8487,6.6544,-0.26701,-0.28214,1.9914,-0.22319,0,0,0.013225,0.0011066
5.8372,6.6423,-0.26715,-0.2822,1.9818,-0.22471,0,0,0.012999,0.000964
5.8258,6.6302,-0.26728,-0.28226,1.9721,-0.22621,0,0,0.012772,0.00080995
5.8143,6.6181,-0.26741,-0.28231,1.9624,-0.22771,0,0,0.012542,0.00065342
5.8029,6.606,-0.26754,-0.28237,1.9526,-0.22919,0,0,0.012312,0.0005039
5.7914,6.5939,-0.26766,-0.28241,1.9428,-0.23066,0,0,0.01208,0.00037087
5.7799,6.5818,-0.26778,-0.28246,1.9329,-0.23212,0,0,0.011848,0.00026383
5.7685,6.5697,-0.2679,-0.2825,1.9229,-0.23356,0,0,0.011616,0.00019154
5.757,6.5576,-0.26801,-0.28255,1.9128,-0.23498,0,0,0.011382,0.00013424
5.7455,6.5455,-0.26812,-0.28259,1.9027,-0.23639,0,0,0.011147,8.4619e-05
5.734,6.5334,-0.26823,-0.28262,1.8926,-0.23777,0,0,0.010911,4.9873e-05
5.7225,6.5213,-0.26834,-0.28266,1.8824,-0.23912,0,0,0.010675,3.7236e-05
5.711,6.5091,-0.26845,-0.28269,1.8721,-0.24043,0,0,0.010438,8.222e-05
5.6976,6.495,-0.26857,-0.28273,1.86,-0.24193,0,0,0.01016,4.4383e-05
5.6841,6.4809,-0.26868,-0.28276,1.8479,-0.24339,0,0,0.0098821,1.2794e-05
5.6707,6.4667,-0.2688,-0.28279,1.8357,-0.24482,0,0,0.0096036,2.4878e-07
5.6573,6.4526,-0.26891,-0.28282,1.8234,-0.24621,0,0,0.0093244,1.6689e-07
5.6438,6.4385,-0.26902,-0.28285,1.8111,-0.24755,0,0,0.0090447,1.0342e-07
5.6304,6.4243,-0.26912,-0.28288,1.7987,-0.24886,0,0,0.0087645,5.6692e-08
5.6169,6.4102,-0.26923,-0.2829,1.7862,-0.25012,0,0,0.0084844,2.5019e-08
5.6034,6.396,-0.26933,-0.28292,1.7736,-0.25134,0,0,0.0082044,6.7143e-09
5.59,6.3819,-0.26942,-0.28294,1.761,-0.25252,0,0,0.007925,9.1117e-11
5.5765,6.3677,-0.26952,-0.28296,1.7484,-0.25366,0,0,0.0076458,0
5.563,6.3536,-0.26961,-0.28297,1.7357,-0.25476,0,0,0.0073662,0
5.5495,6.3394,-0.26969,-0.28299,1.7229,-0.25582,0,0,0.0070867,0
5.536,6.3253,-0.26978,-0.283,1.7101,-0.25683,0,0,0.0068075,0
5.5225,6.3111,-0.26986,-0.28301,1.6972,-0.25781,0,0,0.0065289,0
5.5091,6.297,-0.26994,-0.28302,1.6843,-0.25874,0,0,0.0062511,0
5.4956,6.2828,-0.27001,-0.28303,1.6714,-0.25963,0,0,0.0059746,0
5.4821,6.2687,-0.27008,-0.28303,1.6584,-0.26049,0,0,0.0056997,0
5.4685,6.2545,-0.27015,-0.28304,1.6453,-0.2613,0,0,0.0054257,0
5.455,6.2404,-0.27021,-0.28304,1.6322,-0.26208,0,0,0.0051524,0
5.4415,6.2262,-0.27027,-0.28305,1.6191,-0.26281,0,0,0.0048801,0
5.428,6.2121,-0.27033,-0.28305,1.6059,-0.26351,0,0,0.004609,0
5.4145,6.1979,-0.27039,-0.28305,1.5928,-0.26416,0,0,0.0043393,0
5.401,6.1838,-0.27044,-0.28305,1.5795,-0.26478,0,0,0.0040713,0
5.3874,6.1696,-0.27049,-0.28305,1.5663,-0.26535,0,0,0.0038051,0
5.3739,6.1555,-0.27053,-0.28305,1.553,-0.26589,0,0,0.0035403,0
5.3604,6.1413,-0.27057,-0.28305,1.5397,-0.26639,0,0,0.0032767,0
5.3469,6.1272,-0.27061,-0.28305,1.5264,-0.26685,0,0,0.0030156,0
5.3333,6.113,-0.27065,-0.28305,1.513,-0.26727,0,0,0.0027579,0
5.3198,6.0988,-0.27068,-0.28304,1.4996,-0.26766,0,0,0.002505,5.0806e-09
5.3063,6.0847,-0.27071,-0.28304,1.4862,-0.26801,0,0,0.0022599,1.1502e-07
5.2972,6.0753,-0.27072,-0.28304,1.4773,-0.26822,0,0,0.0020864,3.8973e-08
5.2882,6.0658,-0.27074,-0.28304,1.4684,-0.26841,0,0,0.0019161,3.4998e-12
5.2792,6.0564,-0.27075,-0.28304,1.4594,-0.26859,0,0,0.0017487,0
5.2702,6.047,-0.27077,-0.28304,1.4505,-0.26876,0,0,0.0015829,0
5.2611,6.0375,-0.27078,-0.28303,1.4415,-0.2689,0,0,0.0014196,0
5.2521,6.0281,-0.27079,-0.28303,1.4325,-0.26904,0,0,0.0012595,0
5.2431,6.0187,-0.2708,-0.28303,1.4236,-0.26915,0,0,0.0010997,0
5.2341,6.0092,-0.27081,-0.28303,1.4146,-0.26925,0,0,0.00092457,0
5.225,5.9998,-0.27082,-0.28303,1.4056,-0.26933,0,0,0.00074335,0
5.216,5.9903,-0.27082,-0.28303,1.3966,-0.2694,0,0,0.00056928,0
5.207,5.9809,-0.27083,-0.28303,1.3876,-0.26945,0,0,0.00041559,0
5.198,5.9715,-0.27083,-0.28303,1.3787,-0.26948,0,0,0.00029554,0
5.1889,5.962,-0.27083,-0.28303,1.3697,-0.26951,0,0,0.00022213,0
5.1799,5.9526,-0.27083,-0.28303,1.3607,-0.26953,0,0,0.00017333,0
5.1709,5.9432,-0.27083,-0.28303,1.3517,-0.26954,0,0,0.00012868,0
5.1618,5.9337,-0.27083,-0.28303,1.3427,-0.26954,0,0,8.9152e-05,0
5.1528,5.9243,-0.27083,-0.28303,1.3337,-0.26954,0,0,5.5688e-05,0
5.1438,5.9149,-0.27083,-0.28303,1.3248,-0.26954,0,0,2.9245e-05,0
5.1348,5.9054,-0.27083,-0.28303,1.3158,-0.26954,0,0,1.0779e-05,0
5.1257,5.896,-0.27083,-0.28303,1.3068,-0.26954,0,0,1.2456e-06,0
5.1167,5.8866,-0.27083,-0.28303,1.2978,-0.26954,0,0,1.0604e-07,0
5.1077,5.8771,-0.27083,-0.28303,1.2888,-0.26954,0,0,7.876e-08,0
5.0986,5.8677,-0.27083,-0.28303,1.2798,-0.26955,0,0,5.5551e-08,0
5.0896,5.8583,-0.27083,-0.28303,1.2709,-0.26955,0,0,3.6403e-08,0
5.0806,5.8488,-0.27083,-0.28303,1.2619,-0.26955,0,0,2.1302e-08,0
5.0716,5.8394,-0.27083,-0.28303,1.2529,-0.26955,0,0,1.0234e-08,0
5.0625,5.83,-0.27083,-0.28303,1.2439,-0.26955,0,0,3.184e-09,0
5.0535,5.8205,-0.27083,-0.28303,1.2349,-0.26955,0,0,1.3794e-10,0
5.0445,5.8111,-0.27083,-0.28303,1.2259,-0.26955,0,0,0,0
5.0355,5.8017,-0.27083,-0.28303,1.2169,-0.26955,0,0,0,0
5.0264,5.7922,-0.27083,-0.28303,1.208,-0.26955,0,0,0,0
5.0174,5.7828,-0.27083,-0.28303,1.199,-0.26955,0,0,0,0
5.0084,5.7734,-0.27083,-0.28303,1.19,-0.26955,0,0,0,0
4.9993,5.7639,-0.27083,-0.28303,1.181,-0.26954,0,0,0,0
4.9903,5.7545,-0.27083,-0.28303,1.172,-0.26954,0,0,0,0
4.9813,5.7451,-0.27083,-0.28303,1.163,-0.26954,0,0,0,0
4.9723,5.7356,-0.27083,-0.28303,1.154,-0.26955,0,0,0,0
4.9632,5.7262,-0.27083,-0.28303,1.1451,-0.26955,0,0,0,0
4.9542,5.7168,-0.27083,-0.28303,1.1361,-0.26955,0,0,0,0
4.9452,5.7073,-0.27083,-0.28303,1.1271,-0.26955,0,0,0,0
4.9361,5.6979,-0.27083,-0.28303,1.1181,-0.26955,0,0,2.8934e-11,3.4729e-12
4.9271,5.6885,-0.27083,-0.28303,1.1091,-0.26955,0,0,2.3563e-09,2.8281e-10
4.9181,5.679,-0.27083,-0.28303,1.1001,-0.26955,0,0,6.3077e-09,7.5709e-10
4.9091,5.6696,-0.27083,-0.28303,1.0912,-0.26955,0,0,8.9042e-09,1.0687e-09
4.9,5.6602,-0.27083,-0.28303,1.0822,-0.26955,0,0,0,0
4.873,5.6318,-0.27083,-0.28303,1.0552,-0.26955,0,0,0,0
4.8459,5.6035,-0.27083,-0.28303,1.0283,-0.26955,0,0,0,0
4.8188,5.5752,-0.27083,-0.28303,1.0013,-0.26955,0,0,0,0
4.7917,5.5469,-0.27083,-0.28303,0.97435,-0.26955,0,0,0,0
4.7646,5.5186,-0.27083,-0.28303,0.94739,-0.26955,0,0,0,0
4.7375,5.4903,-0.27083,-0.28303,0.92044,-0.26955,0,0,0,0
4.7105,5.462,-0.27083,-0.28303,0.89348,-0.26955,0,0,0,0
4.6834,5.4337,-0.27083,-0.28303,0.86653,-0.26955,0,0,0,0
4.6563,5.4054,-0.27083,-0.28303,0.83957,-0.26955,0,0,0,0
4.6292,5.3771,-0.27083,-0.28303,0.81262,-0.26955,0,0,0,0
4.6021,5.3488,-0.27083,-0.28303,0.78566,-0.26955,0,0,0,0
4.575,5.3205,-0.27083,-0.28303,0.75871,-0.26955,0,0,0,0
4.548,5.2922,-0.27083,-0.28303,0.73175,-0.26955,0,0,0,0
4.5209,5.2639,-0.27083,-0.28303,0.7048,-0.26955,0,0,0,0
4.4938,5.2356,-0.27083,-0.28303,0.67784,-0.26955,0,0,0,0
4.4667,5.2073,-0.27083,-0.28303,0.65089,-0.26955,0,0,0,0
4.4396,5.179,-0.27083,-0.28303,0.62393,-0.26955,0,0,0,0
4.4125,5.1507,-0.27083,-0.28303,0.59698,-0.26955,0,0,0,0
4.3855,5.1224,-0.27083,-0.28303,0.57002,-0.26955,0,0,0,0
4.3584,5.0941,-0.27083,-0.28303,0.54307,-0.26955,0,0,0,0
4.3313,5.0658,-0.27083,-0.28303,0.51612,-0.26955,0,0,0,1.43e-10
4.3042,5.0375,-0.27083,-0.28303,0.48916,-0.26955,0,0,0,9.6279e-10
4.2771,5.0092,-0.27083,-0.28303,0.46221,-0.26955,0,0,0,2.6631e-09
4.25,4.9809,-0.27083,-0.28303,0.43525,-0.26955,0,0,0,5.4173e-09
4.223,4.9526,-0.27083,-0.28303,0.4083,-0.26955,0,0,0,9.3988e-09
4.1959,4.9243,-0.27083,-0.28303,0.38134,-0.26955,0,0,0,1.4781e-08
4.1688,4.896,-0.27083,-0.28303,0.35439,-0.26955,0,0,0,2.1737e-08
4.1417,4.8677,-0.27083,-0.28303,0.32743,-0.26955,0,0,6.8728e-10,1.6086e-05
4.1146,4.8394,-0.27083,-0.28303,0.30048,-0.26955,0,0,9.1342e-09,0.00021343
4.0875,4.8111,-0.27083,-0.28303,0.27352,-0.26955,0,0,2.119e-08,0.00049508
4.0759,4.7989,-0.27083,-0.28302,0.26197,-0.26948,0,0,9.9564e-09,0.00060666
4.0643,4.7868,-0.27084,-0.28301,0.25042,-0.2694,0,0,1.5426e-09,0.0007384
4.0527,4.7747,-0.27084,-0.28301,0.23888,-0.2693,0,0,0,0.00089232
4.0411,4.7626,-0.27084,-0.283,0.22734,-0.26917,0,0,0,0.0010768
4.0295,4.7504,-0.27084,-0.28298,0.21581,-0.26902,0,0,0,0.001285
4.0179,4.7383,-0.27085,-0.28297,0.20428,-0.26885,0,0,0,0.0015073
4.0063,4.7262,-0.27085,-0.28295,0.19277,-0.26864,0,0,0,0.0017339
3.9947,4.714,-0.27085,-0.28293,0.18126,-0.26841,0,0,0,0.0019551
3.9831,4.7019,-0.27086,-0.28291,0.16976,-0.26815,0,0,0,0.0021701
3.9715,4.6898,-0.27086,-0.28289,0.15827,-0.26786,0,0,0,0.0023871
3.9599,4.6777,-0.27087,-0.28286,0.1468,-0.26755,0,0,0,0.0026059
3.9482,4.6656,-0.27087,-0.28283,0.13534,-0.26721,0,0,0,0.0028264
3.9366,4.6534,-0.27087,-0.2828,0.1239,-0.26684,0,0,0,0.0030484
3.925,4.6413,-0.27088,-0.28277,0.11247,-0.26644,0,0,0,0.0032719
3.9134,4.6292,-0.27088,-0.28274,0.10106,-0.26602,0,0,0,0.0034965
3.9018,4.6171,-0.27088,-0.2827,0.089668,-0.26556,0,0,0,0.0037223
3.8902,4.605,-0.27089,-0.28266,0.078297,-0.26508,0,0,0,0.0039499
3.8786,4.5929,-0.27089,-0.28262,0.066947,-0.26457,0,0,0,0.004179
3.867,4.5807,-0.27089,-0.28257,0.05562,-0.26404,0,0,0,0.0044096
3.8554,4.5686,-0.2709,-0.28252,0.044316,-0.26347,0,0,0,0.0046414
3.8438,4.5565,-0.2709,-0.28247,0.033037,-0.26287,0,0,0,0.0048741
3.8321,4.5444,-0.2709,-0.28242,0.021785,-0.26225,0,0,0,0.0051076
3.8205,4.5323,-0.2709,-0.28237,0.01056,-0.26159,0,0,0,0.0053416
3.8089,4.5202,-0.2709,-0.28231,-0.00063706,-0.26091,0,0,0,0.0055763
3.7973,4.5081,-0.2709,-0.28225,-0.011804,-0.26019,0,0,0,0.0058123
3.7857,4.496,-0.2709,-0.28219,-0.022939,-0.25945,0,0,0,0.0060493
3.7741,4.4839,-0.2709,-0.28212,-0.034042,-0.25867,0,0,0,0.0062872
3.7625,4.4718,-0.27089,-0.28206,-0.045111,-0.25787,0,0,0,0.0065256
3.7509,4.4598,-0.27089,-0.28199,-0.056145,-0.25704,0,0,0,0.0067643
3.7393,4.4477,-0.27089,-0.28192,-0.067143,-0.25617,0,0,8.2077e-11,0.0070031
3.7277,4.4356,-0.27088,-0.28184,-0.078102,-0.25528,0,0,4.2333e-09,0.0072423
3.7161,4.4235,-0.27088,-0.28177,-0.089023,-0.25436,0,0,1.7127e-08,0.0074822
3.7044,4.4114,-0.27087,-0.28169,-0.099903,-0.2534,0,0,4.2174e-08,0.0077224
3.6928,4.3994,-0.27086,-0.28161,-0.11074,-0.25242,0,0,1.1005e-07,0.0079626
3.6812,4.3873,-0.27085,-0.28152,-0.12154,-0.25141,0,0,2.3837e-05,0.008203
3.6722,4.3779,-0.27084,-0.28145,-0.12991,-0.2506,0,0,8.2651e-06,0.0083899
3.6632,4.3685,-0.27083,-0.28139,-0.13825,-0.24977,0,0,2.8927e-07,0.0085768
3.6541,4.3592,-0.27082,-0.28132,-0.14656,-0.24892,0,0,2.9656e-07,0.0087636
3.6451,4.3498,-0.27081,-0.28124,-0.15484,-0.24806,0,0,3.1991e-07,0.0089504
3.6361,4.3404,-0.2708,-0.28117,-0.16309,-0.24718,0,0,3.5719e-07,0.0091372
3.6271,4.331,-0.27079,-0.2811,-0.17132,-0.24628,0,0,4.07e-07,0.0093236
3.618,4.3217,-0.27077,-0.28102,-0.17951,-0.24536,0,0,5.3329e-07,0.0095098
3.609,4.3123,-0.27076,-0.28095,-0.18768,-0.24442,0,0,1.1151e-06,0.0096959
3.6,4.3029,-0.27074,-0.28087,-0.19581,-0.24347,0,0,2.1988e-06,0.0098819
3.591,4.2936,-0.27073,-0.28079,-0.20391,-0.24249,0,0,3.7664e-06,0.010068
3.5819,4.2842,-0.27071,-0.28071,-0.21197,-0.2415,0,0,5.8e-06,0.010253
3.5729,4.2749,-0.27069,-0.28063,-0.22001,-0.24049,0,0,8.2816e-06,0.010438
3.5639,4.2655,-0.27067,-0.28054,-0.22801,-0.23946,0,0,1.1276e-05,0.010622
3.5549,4.2562,-0.27065,-0.28046,-0.23597,-0.23842,0,0,2.5341e-05,0.010806
3.5458,4.2468,-0.27063,-0.28037,-0.2439,-0.23736,0,0,5.5807e-05,0.01099
3.5368,4.2375,-0.27061,-0.28028,-0.25179,-0.23629,0,0,9.9752e-05,0.011174
3.5278,4.2281,-0.27059,-0.28019,-0.25965,-0.2352,0,0,0.00015425,0.011357
3.5188,4.2188,-0.27056,-0.2801,-0.26747,-0.2341,0,0,0.00021639,0.011539
3.5098,4.2095,-0.27054,-0.28001,-0.27526,-0.23299,0,0,0.00028324,0.011721
3.5008,4.2001,-0.27051,-0.27991,-0.28301,-0.23187,0,0,0.00035187,0.011902
3.4917,4.1908,-0.27048,-0.27982,-0.29072,-0.23073,0,0,0.00042265,0.012083
3.4827,4.1815,-0.27045,-0.27972,-0.29839,-0.22959,0,0,0.00050949,0.012263
3.4737,4.1721,-0.27042,-0.27962,-0.30602,-0.22844,0,0,0.00061103,0.012442
3.4647,4.1628,-0.27039,-0.27952,-0.31362,-0.22729,0,0,0.00072332,0.012621
3.4557,4.1535,-0.27035,-0.27941,-0.32118,-0.22612,0,0,0.00084245,0.012799
3.4467,4.1442,-0.27032,-0.27931,-0.32869,-0.22496,0,0,0.0009645,0.012977
3.4377,4.1349,-0.27028,-0.2792,-0.33617,-0.22378,0,0,0.0010855,0.013153
3.4286,4.1256,-0.27024,-0.27909,-0.34361,-0.2226,0,0,0.0012016,0.013329
3.4196,4.1163,-0.2702,-0.27898,-0.35101,-0.22141,0,0,0.001312,0.013504
3.4106,4.107,-0.27016,-0.27886,-0.35837,-0.22022,0,0,0.0014225,0.013678
3.4016,4.0977,-0.27011,-0.27875,-0.36569,-0.21903,0,0,0.0015334,0.013852
3.3926,4.0884,-0.27007,-0.27863,-0.37297,-0.21782,0,0,0.0016446,0.014024
3.3836,4.0791,-0.27002,-0.27851,-0.38022,-0.21661,0,0,0.0017559,0.014196
3.3746,4.0698,-0.26997,-0.27839,-0.38742,-0.2154,0,0,0.0018674,0.014367
3.3656,4.0606,-0.26992,-0.27826,-0.39457,-0.21417,0,0,0.0019788,0.014537
3.3566,4.0513,-0.26987,-0.27814,-0.40169,-0.21295,0,0,0.0020902,0.014706
3.3476,4.042,-0.26981,-0.27801,-0.40877,-0.21171,0,0,0.0022016,0.014874
3.3386,4.0328,-0.26976,-0.27788,-0.41581,-0.21047,0,0,0.0023132,0.015041
3.3297,4.0235,-0.2697,-0.27775,-0.4228,-0.20923,0,0,0.0024248,0.015207
3.3207,4.0142,-0.26964,-0.27762,-0.42976,-0.20798,0,0,0.0025365,0.015372
3.3117,4.005,-0.26958,-0.27749,-0.43667,-0.20672,0,0,0.0026482,0.015536
3.3027,3.9957,-0.26952,-0.27735,-0.44354,-0.20546,0,0,0.0027599,0.015699
3.2937,3.9865,-0.26945,-0.27722,-0.45036,-0.2042,0,0,0.0028717,0.015861
3.2847,3.9773,-0.26938,-0.27708,-0.45715,-0.20293,0,0,0.0029836,0.016022
3.2758,3.968,-0.26931,-0.27694,-0.46389,-0.20165,0,0,0.0030957,0.016182
3.2642,3.9562,-0.26922,-0.27676,-0.4725,-0.20001,0,0,0.0032396,0.016386
3.2527,3.9443,-0.26913,-0.27658,-0.48104,-0.19836,0,0,0.0033835,0.016588
3.2411,3.9325,-0.26903,-0.27639,-0.4895,-0.1967,0,0,0.0035275,0.016788
3.2296,3.9206,-0.26893,-0.2762,-0.4979,-0.19503,0,0,0.0036716,0.016986
3.2181,3.9088,-0.26882,-0.27601,-0.50622,-0.19336,0,0,0.0038157,0.017182
3.2066,3.897,-0.26871,-0.27582,-0.51447,-0.19168,0,0,0.0039599,0.017377
3.1951,3.8851,-0.2686,-0.27562,-0.52265,-0.18999,0,0,0.0041041,0.01757
3.1836,3.8733,-0.26849,-0.27542,-0.53075,-0.1883,0,0,0.0042483,0.01776
3.172,3.8615,-0.26837,-0.27522,-0.53879,-0.1866,0,0,0.0043925,0.017947
3.1605,3.8497,-0.26825,-0.27502,-0.54675,-0.1849,0,0,0.0045368,0.018133
3.1491,3.838,-0.26812,-0.27482,-0.55464,-0.18319,0,0,0.004681,0.018318
3.1376,3.8262,-0.268,-0.27461,-0.56245,-0.18148,0,0,0.0048253,0.0185
3.1261,3.8144,-0.26786,-0.27441,-0.57019,-0.17976,0,0,0.0049696,0.018681
3.1146,3.8027,-0.26773,-0.2742,-0.57786,-0.17804,0,0,0.0051139,0.018859
3.1031,3.7909,-0.26759,-0.27399,-0.58545,-0.17631,0,0,0.0052582,0.019035
3.0917,3.7792,-0.26745,-0.27378,-0.59297,-0.17458,0,0,0.0054025,0.019208
3.0802,3.7674,-0.2673,-0.27356,-0.60042,-0.17285,0,0,0.0055468,0.01938
3.0688,3.7557,-0.26715,-0.27335,-0.60779,-0.17111,0,0,0.0056911,0.019549
3.0573,3.744,-0.267,-0.27313,-0.61508,-0.16937,0,0,0.0058354,0.019717
3.0459,3.7323,-0.26684,-0.27291,-0.6223,-0.16763,0,0,0.0059797,0.019882
3.0344,3.7206,-0.26669,-0.27269,-0.62945,-0.16588,0,0,0.006124,0.020046
3.023,3.7089,-0.26652,-0.27247,-0.63652,-0.16414,0,0,0.0062684,0.020207
3.0116,3.6973,-0.26636,-0.27224,-0.64352,-0.16239,0,0,0.0064127,0.020366
3.0002,3.6856,-0.26619,-0.27202,-0.65044,-0.16063,0,0,0.0065571,0.020523
2.9888,3.674,-0.26601,-0.27179,-0.65729,-0.15888,0,0,0.0067014,0.020678
2.9774,3.6623,-0.26584,-0.27157,-0.66406,-0.15713,0,0,0.0068458,0.02083
2.966,3.6507,-0.26566,-0.27134,-0.67076,-0.15537,0,0,0.0069901,0.02098
2.9546,3.6391,-0.26547,-0.27111,-0.67738,-0.15362,0,0,0.0071345,0.021128
2.9432,3.6274,-0.26529,-0.27088,-0.68392,-0.15186,0,0,0.0072789,0.021275
2.9319,3.6158,-0.2651,-0.27064,-0.69039,-0.15011,0,0,0.0074233,0.021419
2.9205,3.6042,-0.2649,-0.27041,-0.69679,-0.14835,0,0,0.0075678,0.021561
2.9092,3.5927,-0.26471,-0.27018,-0.70311,-0.1466,0,0,0.0077123,0.021701
2.8978,3.5811,-0.26451,-0.26994,-0.70935,-0.14484,0,0,0.0078568,0.021838
2.8865,3.5695,-0.2643,-0.26971,-0.71552,-0.14309,0,0,0.0080013,0.021975
2.8752,3.558,-0.26409,-0.26947,-0.72162,-0.14134,0,0,0.0081458,0.022108
2.8639,3.5464,-0.26388,-0.26923,-0.72764,-0.13959,0,0,0.0082904,0.02224
2.8526,3.5349,-0.26367,-0.26899,-0.73358,-0.13784,0,0,0.008435,0.02237
2.8413,3.5234,-0.26345,-0.26875,-0.73945,-0.13609,0,0,0.0085797,0.022497
2.83,3.5119,-0.26323,-0.26851,-0.74525,-0.13435,0,0,0.0087245,0.022622
2.8187,3.5004,-0.26301,-0.26827,-0.75097,-0.1326,0,0,0.0088692,0.022746
2.8074,3.4889,-0.26278,-0.26803,-0.75662,-0.13087,0,0,0.009014,0.022868
2.7962,3.4774,-0.26255,-0.26779,-0.76219,-0.12913,0,0,0.0091589,0.022988
2.7849,3.4659,-0.26232,-0.26754,-0.76768,-0.1274,0,0,0.0093039,0.023105
2.7737,3.4544,-0.26208,-0.2673,-0.77311,-0.12567,0,0,0.0094489,0.02322
2.7625,3.443,-0.26184,-0.26706,-0.77846,-0.12394,0,0,0.009594,0.023334
2.7512,3.4316,-0.2616,-0.26681,-0.78373,-0.12222,0,0,0.0097391,0.023446
2.74,3.4201,-0.26135,-0.26656,-0.78893,-0.1205,0,0,0.0098843,0.023557
2.7288,3.4087,-0.2611,-0.26632,-0.79406,-0.11879,0,0,0.01003,0.023665
2.7177,3.3973,-0.26085,-0.26607,-0.79911,-0.11708,0,0,0.010175,0.023772
2.7065,3.3859,-0.26059,-0.26582,-0.80409,-0.11538,0,0,0.01032,0.023876
2.6953,3.3745,-0.26033,-0.26557,-0.809,-0.11368,0,0,0.010466,0.023979
2.6842,3.3631,-0.26007,-0.26533,-0.81384,-0.11199,0,0,0.010612,0.02408
2.673,3.3518,-0.25981,-0.26508,-0.8186,-0.1103,0,0,0.010757,0.024179
2.6619,3.3404,-0.25954,-0.26483,-0.82329,-0.10862,0,0,0.010903,0.024277
2.6508,3.3291,-0.25927,-0.26458,-0.82791,-0.10695,0,0,0.011049,0.024373
2.6397,3.3177,-0.25899,-0.26433,-0.83246,-0.10528,0,0,0.011195,0.024468
2.6286,3.3064,-0.25871,-0.26407,-0.83694,-0.10362,0,0,0.011341,0.024561
2.6175,3.2951,-0.25843,-0.26382,-0.84134,-0.10196,0,0,0.011487,0.024652
2.6064,3.2838,-0.25815,-0.26357,-0.84568,-0.10031,0,0,0.011634,0.024742
2.5954,3.2725,-0.25787,-0.26332,-0.84994,-0.098674,0,0,0.01178,0.02483
2.5843,3.2612,-0.25758,-0.26307,-0.85413,-0.097041,0,0,0.011927,0.024916
2.5733,3.25,-0.25728,-0.26281,-0.85826,-0.095415,0,0,0.012073,0.025001
2.5623,3.2387,-0.25699,-0.26256,-0.86231,-0.093798,0,0,0.01222,0.025084
2.5513,3.2275,-0.25669,-0.2623,-0.8663,-0.092188,0,0,0.012367,0.025166
2.5403,3.2162,-0.25639,-0.26205,-0.87021,-0.090587,0,0,0.012514,0.025248
2.5293,3.205,-0.25609,-0.2618,-0.87406,-0.088994,0,0,0.012661,0.025327
2.5183,3.1938,-0.25578,-0.26154,-0.87784,-0.087409,0,0,0.012808,0.025405
2.5074,3.1826,-0.25547,-0.26129,-0.88156,-0.085834,0,0,0.012956,0.025481
2.4964,3.1714,-0.25516,-0.26103,-0.8852,-0.084267,0,0,0.013103,0.025557
2.4855,3.1602,-0.25485,-0.26077,-0.88878,-0.08271,0,0,0.013251,0.025631
2.4728,3.1472,-0.25448,-0.26047,-0.89287,-0.080904,0,0,0.013423,0.025715
2.46,3.1342,-0.25411,-0.26018,-0.89687,-0.079112,0,0,0.013596,0.025799
2.4474,3.1212,-0.25373,-0.25988,-0.90078,-0.077333,0,0,0.013768,0.02588
2.4347,3.1082,-0.25335,-0.25957,-0.9046,-0.075567,0,0,0.013941,0.025959
2.422,3.0952,-0.25296,-0.25927,-0.90834,-0.073815,0,0,0.014115,0.026037
2.4094,3.0822,-0.25258,-0.25897,-0.91198,-0.072078,0,0,0.014288,0.026114
2.3968,3.0693,-0.25218,-0.25867,-0.91555,-0.070354,0,0,0.014461,0.02619
2.3842,3.0564,-0.25179,-0.25837,-0.91902,-0.068645,0,0,0.014635,0.026264
2.3716,3.0435,-0.25139,-0.25807,-0.92241,-0.06695,0,0,0.014809,0.026337
2.359,3.0306,-0.25099,-0.25776,-0.92572,-0.065271,0,0,0.014982,0.026408
2.3465,3.0177,-0.25058,-0.25746,-0.92894,-0.063606,0,0,0.015157,0.026478
2.334,3.0048,-0.25018,-0.25715,-0.93208,-0.061957,0,0,0.015331,0.026547
2.3215,2.992,-0.24976,-0.25685,-0.93513,-0.060324,0,0,0.015505,0.026614
2.309,2.9791,-0.24935,-0.25654,-0.93811,-0.058706,0,0,0.01568,0.026681
2.2965,2.9663,-0.24893,-0.25624,-0.941,-0.057104,0,0,0.015855,0.026746
2.2841,2.9535,-0.24851,-0.25593,-0.94382,-0.055518,0,0,0.016029,0.026811
2.2717,2.9407,-0.24808,-0.25563,-0.94656,-0.053948,0,0,0.016204,0.026874
2.2593,2.928,-0.24766,-0.25532,-0.94921,-0.052395,0,0,0.01638,0.026936
2.2469,2.9152,-0.24723,-0.25501,-0.9518,-0.050859,0,0,0.016555,0.026998
2.2346,2.9024,-0.24679,-0.2547,-0.9543,-0.049339,0,0,0.01673,0.027058
2.2222,2.8897,-0.24635,-0.25439,-0.95673,-0.047836,0,0,0.016906,0.027117
2.2099,2.877,-0.24591,-0.25408,-0.95908,-0.04635,0,0,0.017082,0.027176
2.1976,2.8643,-0.24547,-0.25377,-0.96137,-0.044881,0,0,0.017257,0.027234
2.1854,2.8516,-0.24502,-0.25346,-0.96357,-0.04343,0,0,0.017433,0.027292
2.1731,2.839,-0.24458,-0.25315,-0.96571,-0.041996,0,0,0.017609,0.027348
2.1609,2.8263,-0.24412,-0.25284,-0.96777,-0.04058,0,0,0.017785,0.027404
2.1487,2.8137,-0.24367,-0.25253,-0.96977,-0.039181,0,0,0.017962,0.027459
2.1366,2.8011,-0.24321,-0.25221,-0.97169,-0.0378,0,0,0.018138,0.027514
2.1244,2.7885,-0.24275,-0.2519,-0.97355,-0.036437,0,0,0.018314,0.027568
2.1123,2.7759,-0.24228,-0.25158,-0.97534,-0.035092,0,0,0.01849,0.027622
2.0941,2.757,-0.24158,-0.25111,-0.97789,-0.033108,0,0,0.018755,0.0277
2.076,2.7382,-0.24087,-0.25063,-0.9803,-0.031164,0,0,0.01902,0.027778
2.058,2.7194,-0.24016,-0.25016,-0.98257,-0.029262,0,0,0.019285,0.027856
2.04,2.7007,-0.23944,-0.24968,-0.98469,-0.027402,0,0,0.01955,0.027933
2.0221,2.682,-0.23871,-0.24919,-0.98668,-0.025582,0,0,0.019815,0.028009
2.0042,2.6633,-0.23798,-0.24871,-0.98853,-0.023804,0,0,0.02008,0.028084
1.9864,2.6447,-0.23724,-0.24823,-0.99025,-0.022068,0,0,0.020345,0.028159
1.9686,2.6261,-0.2365,-0.24774,-0.99184,-0.020374,0,0,0.02061,0.028234
1.9509,2.6075,-0.23575,-0.24725,-0.99331,-0.018721,0,0,0.020875,0.028308
1.9333,2.589,-0.23499,-0.24676,-0.99465,-0.01711,0,0,0.021139,0.028382
1.9157,2.5705,-0.23423,-0.24626,-0.99588,-0.015541,0,0,0.021403,0.028456
1.8981,2.552,-0.23346,-0.24576,-0.99698,-0.014013,0,0,0.021667,0.028531
1.8807,2.5336,-0.23268,-0.24526,-0.99798,-0.012528,0,0,0.021931,0.028605
1.8632,2.5153,-0.2319,-0.24476,-0.99886,-0.011083,0,0,0.022194,0.02868
1.8459,2.4969,-0.23112,-0.24426,-0.99964,-0.0096808,0,0,0.022458,0.028754
1.8286,2.4786,-0.23033,-0.24375,-1.0003,-0.0083196,0,0,0.02272,0.028829
1.8113,2.4604,-0.22953,-0.24324,-1.0009,-0.0069996,0,0,0.022983,0.028903
1.7941,2.4421,-0.22873,-0.24272,-1.0014,-0.0057206,0,0,0.023245,0.028979
1.777,2.4239,-0.22792,-0.24221,-1.0018,-0.0044824,0,0,0.023507,0.029055
1.7599,2.4058,-0.22711,-0.24169,-1.002,-0.0032848,0,0,0.023768,0.029131
1.7486,2.3937,-0.22656,-0.24134,-1.0022,-0.0025089,0,0,0.023942,0.029183
1.7373,2.3817,-0.22602,-0.24099,-1.0023,-0.0017508,0,0,0.024115,0.029234
1.726,2.3696,-0.22547,-0.24064,-1.0024,-0.0010104,0,0,0.024288,0.029287
1.7147,2.3576,-0.22492,-0.24029,-1.0024,-0.00028774,0,0,0.024461,0.029339
1.7035,2.3456,-0.22436,-0.23993,-1.0024,0.00041734,0,0,0.024633,0.029392
1.6923,2.3336,-0.22381,-0.23958,-1.0024,0.0011049,0,0,0.024806,0.029445
1.6811,2.3216,-0.22325,-0.23922,-1.0023,0.0017751,0,0,0.024978,0.029498
1.67,2.3097,-0.22269,-0.23886,-1.0022,0.002428,0,0,0.02515,0.029552
1.6589,2.2978,-0.22212,-0.2385,-1.002,0.0030637,0,0,0.025321,0.029606
1.6478,2.2858,-0.22156,-0.23814,-1.0019,0.0036823,0,0,0.025492,0.029661
1.6367,2.2739,-0.22099,-0.23778,-1.0017,0.004284,0,0,0.025662,0.029716
1.6257,2.2621,-0.22042,-0.23741,-1.0014,0.0048688,0,0,0.025833,0.029772
1.6147,2.2502,-0.21985,-0.23705,-1.0012,0.0054369,0,0,0.026003,0.029828
1.6037,2.2384,-0.21927,-0.23668,-1.0009,0.0059884,0,0,0.026172,0.029884
1.5927,2.2265,-0.2187,-0.23631,-1.0006,0.0065234,0,0,0.026341,0.029941
1.5818,2.2147,-0.21812,-0.23594,-1.0002,0.007042,0,0,0.02651,0.029999
1.5709,2.2029,-0.21754,-0.23556,-0.99988,0.0075444,0,0,0.026678,0.030056
1.5601,2.1912,-0.21695,-0.23519,-0.99949,0.0080308,0,0,0.026846,0.030115
1.5492,2.1794,-0.21637,-0.23481,-0.99908,0.0085012,0,0,0.027014,0.030174
1.5384,2.1677,-0.21578,-0.23443,-0.99864,0.0089558,0,0,0.027181,0.030234
1.5277,2.156,-0.21519,-0.23405,-0.99818,0.0093947,0,0,0.027347,0.030294
1.5169,2.1443,-0.2146,-0.23367,-0.9977,0.0098181,0,0,0.027513,0.030354
1.5062,2.1326,-0.214,-0.23329,-0.9972,0.010226,0,0,0.027679,0.030415
1.4955,2.121,-0.21341,-0.2329,-0.99668,0.010619,0,0,0.027844,0.030477
1.4849,2.1093,-0.21281,-0.23252,-0.99614,0.010997,0,0,0.028009,0.030539
1.4742,2.0977,-0.21221,-0.23213,-0.99558,0.011359,0,0,0.028173,0.030602
1.4636,2.0861,-0.21161,-0.23174,-0.995,0.011708,0,0,0.028337,0.030666
1.4531,2.0745,-0.211,-0.23134,-0.99441,0.012041,0,0,0.0285,0.03073
1.4425,2.063,-0.2104,-0.23095,-0.9938,0.01236,0,0,0.028663,0.030794
1.432,2.0514,-0.20979,-0.23055,-0.99317,0.012665,0,0,0.028825,0.030859
1.4216,2.0399,-0.20918,-0.23015,-0.99253,0.012955,0,0,0.028987,0.030925
1.4111,2.0284,-0.20856,-0.22975,-0.99188,0.013232,0,0,0.029148,0.030991
1.4007,2.0169,-0.20795,-0.22935,-0.99121,0.013495,0,0,0.029309,0.031059
1.3903,2.0055,-0.20733,-0.22895,-0.99053,0.013744,0,0,0.029468,0.031127
1.38,1.994,-0.20671,-0.22854,-0.98984,0.01398,0,0,0.029628,0.031195
1.3696,1.9826,-0.20609,-0.22813,-0.98913,0.014203,0,0,0.029787,0.031264
1.3594,1.9712,-0.20547,-0.22772,-0.98842,0.014413,0,0,0.029946,0.031333
1.3491,1.9599,-0.20484,-0.22731,-0.98769,0.014609,0,0,0.030103,0.031404
1.3389,1.9485,-0.20422,-0.2269,-0.98696,0.014793,0,0,0.030261,0.031475
1.3287,1.9372,-0.20359,-0.22648,-0.98621,0.014965,0,0,0.030417,0.031546
1.3185,1.9259,-0.20296,-0.22606,-0.98546,0.015124,0,0,0.030573,0.031619
1.3084,1.9146,-0.20232,-0.22564,-0.9847,0.015271,0,0,0.030729,0.031691
1.2983,1.9033,-0.20169,-0.22522,-0.98393,0.015405,0,0,0.030884,0.031765
1.2882,1.892,-0.20105,-0.2248,-0.98316,0.015528,0,0,0.031038,0.031839
1.2782,1.8808,-0.20041,-0.22437,-0.98238,0.01564,0,0,0.031192,0.031914
1.2682,1.8696,-0.19977,-0.22394,-0.9816,0.01574,0,0,0.031345,0.03199
1.2582,1.8584,-0.19913,-0.22351,-0.98081,0.015829,0,0,0.031497,0.032066
1.2483,1.8473,-0.19848,-0.22308,-0.98001,0.015906,0,0,0.031649,0.032143
1.2383,1.8361,-0.19783,-0.22265,-0.97922,0.015973,0,0,0.0318,0.03222
1.2285,1.825,-0.19719,-0.22221,-0.97842,0.016029,0,0,0.031951,0.032299
1.2186,1.8139,-0.19653,-0.22177,-0.97761,0.016075,0,0,0.032101,0.032378
1.2088,1.8028,-0.19588,-0.22133,-0.97681,0.01611,0,0,0.03225,0.032457
1.199,1.7918,-0.19523,-0.22089,-0.976,0.016135,0,0,0.032399,0.032538
1.1893,1.7807,-0.19457,-0.22044,-0.97519,0.016151,0,0,0.032547,0.032618
1.1796,1.7697,-0.19391,-0.22,-0.97439,0.016156,0,0,0.032695,0.0327
1.1699,1.7587,-0.19325,-0.21955,-0.97358,0.016152,0,0,0.032841,0.032782
1.1603,1.7478,-0.19259,-0.2191,-0.97277,0.016139,0,0,0.032987,0.032866
1.1506,1.7368,-0.19192,-0.21864,-0.97197,0.016117,0,0,0.033133,0.032949
1.1411,1.7259,-0.19126,-0.21819,-0.97116,0.016085,0,0,0.033278,0.033034
1.1315,1.715,-0.19059,-0.21773,-0.97036,0.016045,0,0,0.033422,0.033119
1.122,1.7041,-0.18992,-0.21727,-0.96956,0.015996,0,0,0.033566,0.033205
1.1125,1.6933,-0.18924,-0.21681,-0.96876,0.01594,0,0,0.033708,0.033291
1.1031,1.6824,-0.18857,-0.21635,-0.96796,0.015874,0,0,0.03385,0.033378
1.0937,1.6716,-0.18789,-0.21588,-0.96717,0.015801,0,0,0.033992,0.033467
1.0843,1.6608,-0.18722,-0.21541,-0.96638,0.015721,0,0,0.034133,0.033555
1.075,1.6501,-0.18654,-0.21494,-0.9656,0.015632,0,0,0.034273,0.033644
1.0656,1.6394,-0.18585,-0.21447,-0.96482,0.015537,0,0,0.034412,0.033734
1.0564,1.6286,-0.18517,-0.21399,-0.96405,0.015434,0,0,0.034551,0.033825
1.0471,1.618,-0.18448,-0.21352,-0.96328,0.015324,0,0,0.034689,0.033917
1.0379,1.6073,-0.1838,-0.21304,-0.96251,0.015208,0,0,0.034827,0.034009
1.0287,1.5967,-0.18311,-0.21256,-0.96176,0.015085,0,0,0.034963,0.034102
1.0196,1.586,-0.18241,-0.21208,-0.961,0.014956,0,0,0.035099,0.034195
1.0105,1.5754,-0.18172,-0.21159,-0.96026,0.01482,0,0,0.035235,0.03429
1.0014,1.5649,-0.18102,-0.2111,-0.95952,0.014679,0,0,0.035369,0.034385
0.9924,1.5543,-0.18033,-0.21061,-0.95879,0.014532,0,0,0.035503,0.03448
0.9834,1.5438,-0.17963,-0.21012,-0.95807,0.01438,0,0,0.035637,0.034577
0.97444,1.5333,-0.17893,-0.20963,-0.95735,0.014222,0,0,0.035769,0.034674
0.96551,1.5229,-0.17822,-0.20913,-0.95665,0.014059,0,0,0.035901,0.034771
0.95662,1.5124,-0.17752,-0.20864,-0.95595,0.013891,0,0,0.036032,0.03487
0.94776,1.502,-0.17681,-0.20814,-0.95526,0.013719,0,0,0.036163,0.034969
0.93893,1.4916,-0.1761,-0.20763,-0.95458,0.013542,0,0,0.036292,0.03507
0.93015,1.4812,-0.17539,-0.20713,-0.9539,0.013361,0,0,0.036421,0.03517
0.9214,1.4709,-0.17468,-0.20662,-0.95324,0.013176,0,0,0.03655,0.035272
0.91268,1.4606,-0.17396,-0.20612,-0.95259,0.012987,0,0,0.036677,0.035374
0.904,1.4503,-0.17324,-0.20561,-0.95194,0.012794,0,0,0.036804,0.035476
0.89536,1.44,-0.17253,-0.20509,-0.95131,0.012598,0,0,0.03693,0.03558
0.88675,1.4298,-0.1718,-0.20458,-0.95068,0.012399,0,0,0.037056,0.035685
0.87817,1.4195,-0.17108,-0.20406,-0.95007,0.012197,0,0,0.03718,0.03579
0.86964,1.4094,-0.17036,-0.20354,-0.94946,0.011992,0,0,0.037304,0.035895
0.86114,1.3992,-0.16963,-0.20302,-0.94887,0.011785,0,0,0.037428,0.036002
0.83865,1.3722,-0.16768,-0.20162,-0.94733,0.011221,0,0,0.037753,0.036289
0.81642,1.3454,-0.16572,-0.20021,-0.94588,0.010645,0,0,0.038072,0.036583
0.79446,1.3188,-0.16374,-0.19878,-0.9445,0.010061,0,0,0.038385,0.036883
0.77276,1.2924,-0.16175,-0.19734,-0.94319,0.0094723,0,0,0.038695,0.037186
0.75133,1.2662,-0.15975,-0.19589,-0.94197,0.0088845,0,0,0.038999,0.037495
0.73016,1.2402,-0.15773,-0.19442,-0.94082,0.0083015,0,0,0.039296,0.03781
0.70927,1.2144,-0.1557,-0.19293,-0.93976,0.0077279,0,0,0.039585,0.038133
0.68864,1.1887,-0.15365,-0.19143,-0.93876,0.0071682,0,0,0.03987,0.03846
0.66829,1.1633,-0.15159,-0.18992,-0.93784,0.0066271,0,0,0.040151,0.038793
0.64822,1.1381,-0.14951,-0.1884,-0.93699,0.0061094,0,0,0.040426,0.039132
0.62843,1.1131,-0.14742,-0.18686,-0.93621,0.0056199,0,0,0.040694,0.039476
0.60891,1.0883,-0.14531,-0.18531,-0.93549,0.0051638,0,0,0.040954,0.039828
0.58968,1.0637,-0.14319,-0.18374,-0.93483,0.0047461,0,0,0.041204,0.040188
0.57073,1.0393,-0.14105,-0.18216,-0.93423,0.0043722,0,0,0.041448,0.040554
0.55206,1.0151,-0.1389,-0.18057,-0.93367,0.0040475,0,0,0.041688,0.040927
0.53369,0.99111,-0.13673,-0.17896,-0.93315,0.0037776,0,0,0.041923,0.041307
0.5156,0.96736,-0.13455,-0.17735,-0.93266,0.0035683,0,0,0.04215,0.041694
0.49781,0.94382,-0.13235,-0.17572,-0.93219,0.0034255,0,0,0.04237,0.042089
0.48031,0.9205,-0.13014,-0.17407,-0.93174,0.0033552,0,0,0.042579,0.042492
0.46311,0.8974,-0.12791,-0.17242,-0.93129,0.0033639,0,0,0.042777,0.042903
0.4462,0.87452,-0.12567,-0.17075,-0.93084,0.0034578,0,0,0.042963,0.043322
0.4296,0.85187,-0.12341,-0.16906,-0.93037,0.0036437,0,0,0.043145,0.043751
0.41329,0.82944,-0.12114,-0.16737,-0.92986,0.0039284,0,0,0.043322,0.04419
0.39729,0.80724,-0.11885,-0.16566,-0.92931,0.0043188,0,0,0.043492,0.044637
0.3816,0.78526,-0.11654,-0.16394,-0.92871,0.0048221,0,0,0.043654,0.045093
0.36622,0.76352,-0.11422,-0.1622,-0.92802,0.0054457,0,0,0.043805,0.045559
0.35114,0.74201,-0.11189,-0.16046,-0.92725,0.0061969,0,0,0.043944,0.046034
0.33638,0.72073,-0.10954,-0.15869,-0.92636,0.0070833,0,0,0.044068,0.046518
0.32193,0.69969,-0.10718,-0.15692,-0.92535,0.0081128,0,0,0.04418,0.047012
0.3078,0.67889,-0.10481,-0.15513,-0.92419,0.0092931,0,0,0.044288,0.047519
0.29398,0.65833,-0.10242,-0.15332,-0.92287,0.010632,0,0,0.044391,0.048038
0.28049,0.638,-0.10001,-0.1515,-0.92135,0.012138,0,0,0.044486,0.048568
0.26731,0.61793,-0.097596,-0.14966,-0.91962,0.013818,0,0,0.044571,0.049107
0.25446,0.5981,-0.095167,-0.1478,-0.91766,0.015681,0,0,0.044643,0.049656
0.24194,0.57851,-0.092726,-0.14593,-0.91543,0.017734,0,0,0.044701,0.050212
0.22974,0.55918,-0.090273,-0.14404,-0.91292,0.019985,0,0,0.044746,0.050777
0.21786,0.5401,-0.087809,-0.14213,-0.91009,0.022442,0,0,0.044789,0.051357
0.20632,0.52128,-0.085335,-0.1402,-0.90693,0.025112,0,0,0.044827,0.051949
0.19511,0.50272,-0.082852,-0.13825,-0.90339,0.028002,0,0,0.044858,0.052551
0.18423,0.48441,-0.08036,-0.13628,-0.89945,0.031118,0,0,0.044878,0.053158
0.17368,0.46638,-0.07786,-0.13429,-0.89508,0.034467,0,0,0.044885,0.053769
0.16346,0.44861,-0.075354,-0.13227,-0.89025,0.038054,0,0,0.044884,0.054389
0.15358,0.43111,-0.072842,-0.13022,-0.88492,0.041884,0,0,0.044883,0.055017
0.14404,0.41388,-0.070325,-0.12815,-0.87907,0.045961,0,0,0.044881,0.055649
0.13483,0.39693,-0.067806,-0.12605,-0.87265,0.050287,0,0,0.044872,0.056281
0.13194,0.39155,-0.066996,-0.12537,-0.87047,0.051732,0,0,0.044867,0.056485
0.12909,0.38619,-0.066186,-0.12469,-0.86822,0.053202,0,0,0.044863,0.056689
0.12627,0.38086,-0.065376,-0.124,-0.86591,0.054698,0,0,0.044858,0.056892
0.12349,0.37556,-0.064566,-0.12331,-0.86353,0.056221,0,0,0.044853,0.057095
0.12074,0.37029,-0.063756,-0.12261,-0.86109,0.057769,0,0,0.044848,0.057298
0.11802,0.36505,-0.062946,-0.12192,-0.85858,0.059344,0,0,0.044842,0.057501
0.11534,0.35984,-0.062137,-0.12122,-0.856,0.060945,0,0,0.044837,0.057703
0.11269,0.35466,-0.061327,-0.12051,-0.85335,0.062572,0,0,0.044831,0.057904
0.11008,0.34951,-0.060518,-0.1198,-0.85064,0.064225,0,0,0.044826,0.058105
0.10751,0.34439,-0.05971,-0.11909,-0.84785,0.065903,0,0,0.04482,0.058305
0.10497,0.3393,-0.058902,-0.11838,-0.84499,0.067608,0,0,0.044814,0.058505
0.10246,0.33424,-0.058094,-0.11766,-0.84205,0.069338,0,0,0.044808,0.058704
0.099986,0.32922,-0.057287,-0.11694,-0.83904,0.071093,0,0,0.044802,0.058901
0.097548,0.32422,-0.056481,-0.11621,-0.83596,0.072874,0,0,0.044797,0.059097
0.095145,0.31926,-0.055676,-0.11548,-0.8328,0.07468,0,0,0.044792,0.059291
0.092776,0.31432,-0.054871,-0.11475,-0.82956,0.076511,0,0,0.044788,0.059483
0.090441,0.30942,-0.054068,-0.11401,-0.82624,0.078367,0,0,0.044784,0.059675
0.088141,0.30455,-0.053266,-0.11327,-0.82284,0.080247,0,0,0.04478,0.059865
0.085876,0.29971,-0.052464,-0.11252,-0.81936,0.082152,0,0,0.044775,0.060053
0.083644,0.29491,-0.051664,-0.11177,-0.8158,0.08408,0,0,0.044772,0.06024
0.081447,0.29013,-0.050865,-0.11102,-0.81215,0.086032,0,0,0.044769,0.060424
0.079285,0.28539,-0.050068,-0.11026,-0.80842,0.088007,0,0,0.044767,0.060606
0.077156,0.28068,-0.049272,-0.10949,-0.80461,0.090005,0,0,0.044766,0.060784
0.075061,0.276,-0.048478,-0.10873,-0.80071,0.092025,0,0,0.044766,0.060959
0.073001,0.27136,-0.047686,-0.10796,-0.79672,0.094068,0,0,0.044767,0.061132
0.070974,0.26675,-0.046895,-0.10718,-0.79265,0.096132,0,0,0.044768,0.061303
0.068981,0.26217,-0.046106,-0.1064,-0.78848,0.098217,0,0,0.04477,0.06147
0.067022,0.25763,-0.04532,-0.10561,-0.78423,0.10032,0,0,0.044772,0.061634
0.065096,0.25312,-0.044535,-0.10482,-0.77988,0.10245,0,0,0.044774,0.061795
0.063204,0.24865,-0.043753,-0.10403,-0.77545,0.10459,0,0,0.044777,0.061951
0.061346,0.24421,-0.042973,-0.10323,-0.77092,0.10676,0,0,0.044782,0.062103
0.059521,0.2398,-0.042196,-0.10243,-0.76629,0.10894,0,0,0.044789,0.062251
0.057729,0.23543,-0.041422,-0.10162,-0.76158,0.11114,0,0,0.044798,0.062394
0.055971,0.23109,-0.04065,-0.10081,-0.75677,0.11335,0,0,0.044807,0.062534
0.054245,0.22679,-0.039881,-0.099987,-0.75186,0.11558,0,0,0.044818,0.062668
0.052925,0.22346,-0.039285,-0.099347,-0.74798,0.11733,0,0,0.044827,0.062769
0.051626,0.22016,-0.038691,-0.098704,-0.74404,0.11908,0,0,0.044838,0.062866
0.050346,0.21688,-0.038099,-0.098059,-0.74004,0.12085,0,0,0.044849,0.06296
0.049086,0.21363,-0.037509,-0.09741,-0.73598,0.12262,0,0,0.044861,0.063051
0.047845,0.21039,-0.036921,-0.096758,-0.73187,0.1244,0,0,0.044874,0.063139
0.046624,0.20717,-0.036335,-0.096103,-0.72769,0.12618,0,0,0.044888,0.063222
0.045423,0.20398,-0.035752,-0.095445,-0.72346,0.12797,0,0,0.044904,0.063299
0.044241,0.20081,-0.035171,-0.094785,-0.71916,0.12977,0,0,0.04492,0.063375
0.043078,0.19766,-0.034592,-0.094121,-0.7148,0.13157,0,0,0.044938,0.063448
0.041935,0.19454,-0.034016,-0.093454,-0.71039,0.13338,0,0,0.044957,0.063518
0.040811,0.19143,-0.033442,-0.092784,-0.70591,0.13519,0,0,0.044977,0.063583
0.039705,0.18835,-0.03287,-0.09211,-0.70137,0.13701,0,0,0.044998,0.063639
0.038619,0.18529,-0.032302,-0.091434,-0.69678,0.13883,0,0,0.04502,0.063687
0.037552,0.18226,-0.031736,-0.090755,-0.69212,0.14065,0,0,0.045044,0.063731
0.036503,0.17924,-0.031173,-0.090072,-0.6874,0.14248,0,0,0.04507,0.063775
0.035474,0.17625,-0.030613,-0.089387,-0.68262,0.1443,0,0,0.045097,0.063818
0.034462,0.17328,-0.030056,-0.088698,-0.67778,0.14613,0,0,0.045125,0.063856
0.03347,0.17034,-0.029502,-0.088006,-0.67288,0.14796,0,0,0.045155,0.063887
0.032496,0.16742,-0.028951,-0.087312,-0.66792,0.14978,0,0,0.045187,0.06391
0.03154,0.16452,-0.028403,-0.086614,-0.66289,0.15161,0,0,0.045219,0.063922
0.030602,0.16164,-0.027859,-0.085913,-0.65781,0.15343,0,0,0.045254,0.063923
0.029682,0.15879,-0.027318,-0.085209,-0.65266,0.15525,0,0,0.04529,0.063918
0.028781,0.15596,-0.02678,-0.084502,-0.64746,0.15707,0,0,0.045328,0.06391
0.027897,0.15316,-0.026246,-0.083792,-0.64219,0.15888,0,0,0.045369,0.063897
0.027031,0.15038,-0.025716,-0.083079,-0.63687,0.16069,0,0,0.045411,0.063882
0.026183,0.14762,-0.025189,-0.082363,-0.63148,0.16249,0,0,0.045455,0.063864
0.025352,0.14488,-0.024667,-0.081644,-0.62603,0.16429,0,0,0.0455,0.063843
0.024538,0.14217,-0.024148,-0.080922,-0.62053,0.16607,0,0,0.045548,0.063821
0.023742,0.13949,-0.023633,-0.080197,-0.61496,0.16785,0,0,0.045597,0.063793
0.022963,0.13683,-0.023121,-0.079469,-0.60934,0.16962,0,0,0.045648,0.063748
0.0222,0.13419,-0.022615,-0.078739,-0.60366,0.17138,0,0,0.045703,0.063689
0.021455,0.13158,-0.022112,-0.078005,-0.59791,0.17313,0,0,0.04576,0.063618
0.020726,0.12899,-0.021614,-0.077269,-0.59211,0.17486,0,0,0.045819,0.063539
0.020014,0.12643,-0.02112,-0.07653,-0.58626,0.17659,0,0,0.04588,0.063455
0.019318,0.12389,-0.02063,-0.075788,-0.58034,0.17829,0,0,0.045943,0.063367
0.018639,0.12138,-0.020145,-0.075043,-0.57437,0.17999,0,0,0.046008,0.063277
0.017975,0.11889,-0.019665,-0.074296,-0.56834,0.18166,0,0,0.046076,0.063172
0.017328,0.11642,-0.019189,-0.073546,-0.56226,0.18332,0,0,0.046148,0.063055
0.016696,0.11398,-0.018718,-0.072794,-0.55612,0.18496,0,0,0.046222,0.062928
0.01608,0.11157,-0.018252,-0.072039,-0.54993,0.18658,0,0,0.046298,0.062794
0.015479,0.10918,-0.017791,-0.071281,-0.54368,0.18818,0,0,0.046377,0.062656
0.014893,0.10682,-0.017335,-0.070522,-0.53738,0.18976,0,0,0.046459,0.062506
0.014323,0.10448,-0.016884,-0.069759,-0.53103,0.19131,0,0,0.046544,0.062343
0.013768,0.10217,-0.016438,-0.068995,-0.52463,0.19284,0,0,0.046632,0.062172
0.013227,0.09988,-0.015998,-0.068228,-0.51818,0.19434,0,0,0.046724,0.061993
0.012701,0.097619,-0.015563,-0.067459,-0.51167,0.19582,0,0,0.046818,0.061803
0.01219,0.095383,-0.015133,-0.066688,-0.50512,0.19726,0,0,0.046916,0.061602
0.011692,0.093173,-0.014709,-0.065915,-0.49852,0.19868,0,0,0.047018,0.061389
0.011209,0.090988,-0.01429,-0.06514,-0.49188,0.20007,0,0,0.047122,0.061167
0.01074,0.08883,-0.013877,-0.064363,-0.48519,0.20142,0,0,0.04723,0.060936
0.010284,0.086698,-0.01347,-0.063584,-0.47845,0.20274,0,0,0.047341,0.060693
0.0098414,0.084591,-0.013069,-0.062804,-0.47167,0.20403,0,0,0.047458,0.060438
0.0094124,0.082511,-0.012673,-0.062021,-0.46485,0.20528,0,0,0.047577,0.060172
0.0089965,0.080456,-0.012283,-0.061238,-0.45799,0.20649,0,0,0.047701,0.059894
0.0085935,0.078428,-0.011899,-0.060452,-0.45108,0.20765,0,0,0.047828,0.059605
0.0082031,0.076426,-0.011522,-0.059665,-0.44414,0.20878,0,0,0.047959,0.059305
0.0078253,0.074451,-0.01115,-0.058877,-0.43716,0.20987,0,0,0.048095,0.058994
0.0074597,0.072501,-0.010785,-0.058088,-0.43015,0.21091,0,0,0.048235,0.058672
0.0071063,0.070578,-0.010425,-0.057297,-0.4231,0.2119,0,0,0.04838,0.058336
0.0067647,0.068681,-0.010072,-0.056506,-0.41602,0.21285,0,0,0.04853,0.057987
0.0064347,0.066811,-0.0097253,-0.055713,-0.40891,0.21375,0,0,0.048684,0.057625
0.0061162,0.064967,-0.0093848,-0.05492,-0.40178,0.2146,0,0,0.048843,0.057251
0.005809,0.06315,-0.0090507,-0.054125,-0.39461,0.21539,0,0,0.049007,0.056864
0.0055128,0.061359,-0.0087229,-0.05333,-0.38742,0.21613,0,0,0.049176,0.056466
0.0052274,0.059594,-0.0084017,-0.052535,-0.3802,0.21681,0,0,0.04935,0.056057
0.0049526,0.057856,-0.0080869,-0.051739,-0.37296,0.21744,0,0,0.049529,0.055637
0.0046882,0.056145,-0.0077786,-0.050943,-0.36571,0.218,0,0,0.049714,0.055201
0.004434,0.05446,-0.0074769,-0.050146,-0.35843,0.21851,0,0,0.049905,0.05475
0.0041897,0.052802,-0.0071817,-0.049349,-0.35114,0.21895,0,0,0.050103,0.054285
0.0039551,0.05117,-0.006893,-0.048552,-0.34383,0.21932,0,0,0.050306,0.053806
0.0037301,0.049565,-0.006611,-0.047755,-0.33652,0.21963,0,0,0.050516,0.053315
0.0035143,0.047987,-0.0063355,-0.046959,-0.32919,0.21987,0,0,0.050731,0.052812
0.0033076,0.046435,-0.0060667,-0.046162,-0.32186,0.22004,0,0,0.050952,0.052299
0.0031098,0.044909,-0.0058044,-0.045366,-0.31452,0.22013,0,0,0.051179,0.051774
0.0029206,0.04341,-0.0055488,-0.04457,-0.30719,0.22015,0,0,0.051414,0.051231
0.0027398,0.041938,-0.0052998,-0.043775,-0.29985,0.2201,0,0,0.051657,0.050673
0.0025672,0.040492,-0.0050573,-0.042981,-0.29251,0.21996,0,0,0.051908,0.050099
0.0024026,0.039072,-0.0048215,-0.042187,-0.28519,0.21974,0,0,0.052166,0.049513
0.0022457,0.037679,-0.0045922,-0.041394,-0.27787,0.21944,0,0,0.052431,0.048915
0.0020963,0.036313,-0.0043694,-0.040602,-0.27056,0.21906,0,0,0.052702,0.048307
0.0019543,0.034973,-0.0041532,-0.039811,-0.26326,0.21858,0,0,0.052981,0.047688
0.0018194,0.033659,-0.0039435,-0.039022,-0.25599,0.21802,0,0,0.05327,0.04705
0.0016913,0.032371,-0.0037402,-0.038233,-0.24873,0.21737,0,0,0.053568,0.046396
0.00157,0.03111,-0.0035433,-0.037446,-0.2415,0.21662,0,0,0.053876,0.045729
0.001455,0.029875,-0.0033528,-0.036661,-0.23429,0.21578,0,0,0.054191,0.04505
0.0013464,0.028666,-0.0031687,-0.035877,-0.22711,0.21484,0,0,0.054512,0.044362
0.0012437,0.027483,-0.0029908,-0.035094,-0.21997,0.2138,0,0,0.054845,0.043659
0.0011469,0.026326,-0.0028192,-0.034314,-0.21286,0.21265,0,0,0.05519,0.042938
0.0010557,0.025195,-0.0026537,-0.033535,-0.20579,0.21141,0,0,0.055543,0.042207
0.00096994,0.02409,-0.0024944,-0.032758,-0.19877,0.21005,0,0,0.055905,0.041465
0.00089719,0.023118,-0.0023561,-0.03206,-0.19248,0.20874,0,0,0.05624,0.040785
0.00082852,0.022167,-0.0022227,-0.031364,-0.18624,0.20734,0,0,0.056586,0.040093
0.00076378,0.021236,-0.0020941,-0.03067,-0.18005,0.20584,0,0,0.05694,0.039391
0.00070282,0.020327,-0.0019703,-0.029977,-0.17389,0.20426,0,0,0.057301,0.038681
0.00064552,0.019438,-0.0018511,-0.029287,-0.16779,0.20257,0,0,0.057671,0.037961
0.00059171,0.018569,-0.0017365,-0.028598,-0.16174,0.20079,0,0,0.058053,0.037229
0.00054128,0.017722,-0.0016265,-0.02791,-0.15574,0.19892,0,0,0.058445,0.036487
0.00049408,0.016895,-0.001521,-0.027225,-0.14981,0.19694,0,0,0.058845,0.035736
0.00044997,0.016088,-0.0014199,-0.026542,-0.14393,0.19486,0,0,0.059255,0.034976
0.00040884,0.015302,-0.0013232,-0.02586,-0.13812,0.19267,0,0,0.059675,0.034207
0.00037054,0.014537,-0.0012307,-0.025181,-0.13237,0.19039,0,0,0.060106,0.033429
0.00033495,0.013791,-0.0011425,-0.024503,-0.12669,0.18799,0,0,0.060549,0.032642
0.00030195,0.013066,-0.0010584,-0.023828,-0.12109,0.18548,0,0,0.061003,0.031845
0.00027141,0.012362,-0.00097835,-0.023155,-0.11557,0.18287,0,0,0.061467,0.031039
0.00024321,0.011677,-0.00090228,-0.022483,-0.11012,0.18014,0,0,0.061944,0.030224
0.00021723,0.011013,-0.00083009,-0.021814,-0.10476,0.1773,0,0,0.062431,0.029401
0.00019336,0.010368,-0.00076172,-0.021147,-0.099484,0.17434,0,0,0.06293,0.02857
0.00017149,0.0097438,-0.00069707,-0.020482,-0.0943,0.17126,0,0,0.063442,0.027732
0.0001515,0.0091393,-0.00063606,-0.019819,-0.08921,0.16807,0,0,0.063966,0.026887
0.00013329,0.0085546,-0.00057859,-0.019158,-0.084217,0.16475,0,0,0.064503,0.026034
0.00011675,0.0079898,-0.00052458,-0.018498,-0.079326,0.16131,0,0,0.065054,0.025172
0.00010178,0.0074447,-0.00047393,-0.017841,-0.07454,0.15775,0,0,0.065618,0.024303
8.8285e-05,0.0069193,-0.00042655,-0.017186,-0.069862,0.15406,0,0,0.066197,0.023425
7.6159e-05,0.0064135,-0.00038234,-0.016533,-0.065298,0.15024,0,0,0.066788,0.022542
6.5313e-05,0.0059273,-0.00034122,-0.015881,-0.060849,0.14629,0,0,0.067394,0.021652
5.5656e-05,0.0054606,-0.00030307,-0.015232,-0.056522,0.14221,0,0,0.068013,0.020757
4.71e-05,0.0050134,-0.0002678,-0.014584,-0.052318,0.13799,0,0,0.068645,0.019858
3.9561e-05,0.0045856,-0.0002353,-0.013939,-0.048244,0.13364,0,0,0.069293,0.018953
3.2955e-05,0.0041771,-0.00020548,-0.013295,-0.044302,0.12915,0,0,0.069959,0.01804
2.7206e-05,0.0037879,-0.00017824,-0.012652,-0.040496,0.12452,0,0,0.070641,0.017121
2.2237e-05,0.0034179,-0.00015345,-0.012011,-0.036832,0.11975,0,0,0.071339,0.016197
1.7975e-05,0.0030671,-0.00013103,-0.011372,-0.033313,0.11483,0,0,0.072053,0.015267
1.4352e-05,0.0027355,-0.00011086,-0.010735,-0.029944,0.10977,0,0,0.072783,0.014335
1.1302e-05,0.002423,-9.2825e-05,-0.010098,-0.026728,0.10457,0,0,0.073526,0.013399
8.7625e-06,0.0021296,-7.6823e-05,-0.0094629,-0.023671,0.099212,0,0,0.074286,0.012461
6.6737e-06,0.0018553,-6.274e-05,-0.0088289,-0.020777,0.093708,0,0,0.075065,0.011518
4.98e-06,0.0015999,-5.0461e-05,-0.0081959,-0.01805,0.088053,0,0,0.075865,0.010569
3.6291e-06,0.0013635,-3.9871e-05,-0.0075638,-0.015495,0.082244,0,0,0.076685,0.0096173
2.572e-06,0.0011461,-3.0854e-05,-0.0069327,-0.013117,0.07628,0,0,0.077522,0.0086623
1.7633e-06,0.00094756,-2.3289e-05,-0.0063023,-0.01092,0.070157,0,0,0.078376,0.0077055
1.1613e-06,0.00076794,-1.7058e-05,-0.0056727,-0.0089091,0.063874,0,0,0.079245,0.0067477
7.2772e-07,0.00060719,-1.2037e-05,-0.0050438,-0.0070892,0.057426,0,0,0.080133,0.0057585
4.282e-07,0.00046529,-8.102e-06,-0.0044156,-0.0054652,0.050813,0,0,0.081045,0.0047105
2.3202e-07,0.00034223,-5.1262e-06,-0.0037879,-0.0040422,0.044031,0,0,0.081981,0.0036673
1.1235e-07,0.000238,-2.9804e-06,-0.0031605,-0.0028252,0.037081,0,0,0.082935,0.0026952
4.6228e-08,0.00015259,-1.5331e-06,-0.0025329,-0.0018192,0.029963,0,0,0.083906,0.0018602
1.472e-08,8.6026e-05,-6.5e-07,-0.0019045,-0.0010291,0.022682,0,0,0.084895,0.0011896
2.9433e-09,3.8348e-05,-1.9396e-07,-0.0012742,-0.00045969,0.015249,0,0,0.085914,0.00061289
1.8648e-10,9.6311e-06,-2.5004e-08,-0.00064019,-0.00011532,0.0076794,0,0,0.086951,0.00012714
0,0,0,0,0,0,0,0,0.088004,-0.0002479
